model,model_family,horizon,requires_training,train_seconds,inference_ms_per_window,n_parameters,nrmse_capacity,rmse,thread_note,pareto_optimal
persistence,rule-based reference,1h,False,0,0,0,0.166213,9141.7,BLAS and OpenMP thread counts are pinned to 1 for every run so the durations are comparable across machines; absolute values are machine specific and only the ranking is portable,False
persistence,rule-based reference,15min,False,0,0,0,0.0967741,5322.58,BLAS and OpenMP thread counts are pinned to 1 for every run so the durations are comparable across machines; absolute values are machine specific and only the ranking is portable,False
persistence,rule-based reference,24h,False,0,0,0,0.206687,11367.8,BLAS and OpenMP thread counts are pinned to 1 for every run so the durations are comparable across machines; absolute values are machine specific and only the ranking is portable,False
persistence,rule-based reference,6h,False,0,0,0,0.406956,22382.6,BLAS and OpenMP thread counts are pinned to 1 for every run so the durations are comparable across machines; absolute values are machine specific and only the ranking is portable,False
smart_persistence,rule-based reference,1h,False,0,0,0,0.139419,7668.06,BLAS and OpenMP thread counts are pinned to 1 for every run so the durations are comparable across machines; absolute values are machine specific and only the ranking is portable,False
smart_persistence,rule-based reference,15min,False,0,0,0,0.09407,5173.85,BLAS and OpenMP thread counts are pinned to 1 for every run so the durations are comparable across machines; absolute values are machine specific and only the ranking is portable,True
smart_persistence,rule-based reference,24h,False,0,0,0,0.206659,11366.2,BLAS and OpenMP thread counts are pinned to 1 for every run so the durations are comparable across machines; absolute values are machine specific and only the ranking is portable,False
smart_persistence,rule-based reference,6h,False,0,0,0,0.328016,18040.9,BLAS and OpenMP thread counts are pinned to 1 for every run so the durations are comparable across machines; absolute values are machine specific and only the ranking is portable,False
linear_regression,classical machine learning,1h,True,2.14349,0.0012342,793,0.13558,7456.88,BLAS and OpenMP thread counts are pinned to 1 for every run so the durations are comparable across machines; absolute values are machine specific and only the ranking is portable,False
linear_regression,classical machine learning,15min,True,1.39183,0.000941839,793,0.0913903,5026.47,BLAS and OpenMP thread counts are pinned to 1 for every run so the durations are comparable across machines; absolute values are machine specific and only the ranking is portable,True
linear_regression,classical machine learning,24h,True,8.26728,0.00137628,793,0.178037,9792.01,BLAS and OpenMP thread counts are pinned to 1 for every run so the durations are comparable across machines; absolute values are machine specific and only the ranking is portable,False
linear_regression,classical machine learning,6h,True,8.46675,0.00104107,793,0.17459,9602.44,BLAS and OpenMP thread counts are pinned to 1 for every run so the durations are comparable across machines; absolute values are machine specific and only the ranking is portable,False
random_forest,classical machine learning,1h,True,287.445,0.0202081,200,0.121696,6693.3,BLAS and OpenMP thread counts are pinned to 1 for every run so the durations are comparable across machines; absolute values are machine specific and only the ranking is portable,False
random_forest,classical machine learning,15min,True,188.263,0.0170783,200,0.0900658,4953.62,BLAS and OpenMP thread counts are pinned to 1 for every run so the durations are comparable across machines; absolute values are machine specific and only the ranking is portable,False
random_forest,classical machine learning,24h,True,536.883,0.106573,200,0.178515,9818.31,BLAS and OpenMP thread counts are pinned to 1 for every run so the durations are comparable across machines; absolute values are machine specific and only the ranking is portable,False
random_forest,classical machine learning,6h,True,564.186,0.0428135,200,0.168826,9285.44,BLAS and OpenMP thread counts are pinned to 1 for every run so the durations are comparable across machines; absolute values are machine specific and only the ranking is portable,False
gradient_boosting,classical machine learning,1h,True,9.48589,0.0206342,0,0.121168,6664.26,BLAS and OpenMP thread counts are pinned to 1 for every run so the durations are comparable across machines; absolute values are machine specific and only the ranking is portable,False
gradient_boosting,classical machine learning,15min,True,11.8988,0.0173184,0,0.0875831,4817.07,BLAS and OpenMP thread counts are pinned to 1 for every run so the durations are comparable across machines; absolute values are machine specific and only the ranking is portable,True
gradient_boosting,classical machine learning,24h,True,63.0244,0.0633239,0,0.176448,9704.64,BLAS and OpenMP thread counts are pinned to 1 for every run so the durations are comparable across machines; absolute values are machine specific and only the ranking is portable,False
gradient_boosting,classical machine learning,6h,True,47.6943,0.0711486,0,0.166144,9137.92,BLAS and OpenMP thread counts are pinned to 1 for every run so the durations are comparable across machines; absolute values are machine specific and only the ranking is portable,False
xgboost,classical machine learning,1h,True,42.5256,0.00291191,400,0.124279,6835.32,BLAS and OpenMP thread counts are pinned to 1 for every run so the durations are comparable across machines; absolute values are machine specific and only the ranking is portable,False
xgboost,classical machine learning,15min,True,36.4617,0.00208195,400,0.0929758,5113.67,BLAS and OpenMP thread counts are pinned to 1 for every run so the durations are comparable across machines; absolute values are machine specific and only the ranking is portable,False
xgboost,classical machine learning,24h,True,133.554,0.0035884,400,0.181717,9994.41,BLAS and OpenMP thread counts are pinned to 1 for every run so the durations are comparable across machines; absolute values are machine specific and only the ranking is portable,False
xgboost,classical machine learning,6h,True,135.502,0.00355429,400,0.172202,9471.09,BLAS and OpenMP thread counts are pinned to 1 for every run so the durations are comparable across machines; absolute values are machine specific and only the ranking is portable,False
lstm,recurrent neural network,1h,True,312.606,0.0520458,50401,0.168432,9263.78,BLAS and OpenMP thread counts are pinned to 1 for every run so the durations are comparable across machines; absolute values are machine specific and only the ranking is portable,False
lstm,recurrent neural network,15min,True,181.018,0.0358864,50401,0.159582,8777.03,BLAS and OpenMP thread counts are pinned to 1 for every run so the durations are comparable across machines; absolute values are machine specific and only the ranking is portable,False
lstm,recurrent neural network,24h,True,829.552,0.0888494,50401,0.200607,11033.4,BLAS and OpenMP thread counts are pinned to 1 for every run so the durations are comparable across machines; absolute values are machine specific and only the ranking is portable,False
lstm,recurrent neural network,6h,True,850.667,0.0753093,50401,0.188575,10371.6,BLAS and OpenMP thread counts are pinned to 1 for every run so the durations are comparable across machines; absolute values are machine specific and only the ranking is portable,False
gru,recurrent neural network,1h,True,361.926,0.0467192,37825,0.174754,9611.46,BLAS and OpenMP thread counts are pinned to 1 for every run so the durations are comparable across machines; absolute values are machine specific and only the ranking is portable,False
gru,recurrent neural network,15min,True,136.007,0.0447359,37825,0.16145,8879.73,BLAS and OpenMP thread counts are pinned to 1 for every run so the durations are comparable across machines; absolute values are machine specific and only the ranking is portable,False
gru,recurrent neural network,24h,True,498.634,0.187405,37825,0.200658,11036.2,BLAS and OpenMP thread counts are pinned to 1 for every run so the durations are comparable across machines; absolute values are machine specific and only the ranking is portable,False
gru,recurrent neural network,6h,True,1139.43,0.297475,37825,0.190935,10501.4,BLAS and OpenMP thread counts are pinned to 1 for every run so the durations are comparable across machines; absolute values are machine specific and only the ranking is portable,False
cnn_lstm,hybrid convolutional-recurrent,1h,True,274.126,0.0265059,64225,0.123989,6819.39,BLAS and OpenMP thread counts are pinned to 1 for every run so the durations are comparable across machines; absolute values are machine specific and only the ranking is portable,False
cnn_lstm,hybrid convolutional-recurrent,15min,True,207.668,0.025835,64225,0.0882425,4853.34,BLAS and OpenMP thread counts are pinned to 1 for every run so the durations are comparable across machines; absolute values are machine specific and only the ranking is portable,False
cnn_lstm,hybrid convolutional-recurrent,24h,True,437.028,0.0695152,64225,0.185299,10191.4,BLAS and OpenMP thread counts are pinned to 1 for every run so the durations are comparable across machines; absolute values are machine specific and only the ranking is portable,False
cnn_lstm,hybrid convolutional-recurrent,6h,True,511.96,0.0766397,64225,0.177004,9735.23,BLAS and OpenMP thread counts are pinned to 1 for every run so the durations are comparable across machines; absolute values are machine specific and only the ranking is portable,False
attention_lstm,hybrid recurrent-attention,1h,True,172.778,0.0328235,55201,0.165275,9090.15,BLAS and OpenMP thread counts are pinned to 1 for every run so the durations are comparable across machines; absolute values are machine specific and only the ranking is portable,False
attention_lstm,hybrid recurrent-attention,15min,True,251.347,0.0368651,55201,0.147895,8134.21,BLAS and OpenMP thread counts are pinned to 1 for every run so the durations are comparable across machines; absolute values are machine specific and only the ranking is portable,False
attention_lstm,hybrid recurrent-attention,24h,True,595.461,0.0924103,55201,0.202259,11124.3,BLAS and OpenMP thread counts are pinned to 1 for every run so the durations are comparable across machines; absolute values are machine specific and only the ranking is portable,False
attention_lstm,hybrid recurrent-attention,6h,True,1371.93,0.065661,55201,0.181972,10008.5,BLAS and OpenMP thread counts are pinned to 1 for every run so the durations are comparable across machines; absolute values are machine specific and only the ranking is portable,False
transformer,attention-only transformer,1h,True,1121.99,0.0477623,69185,0.142739,7850.66,BLAS and OpenMP thread counts are pinned to 1 for every run so the durations are comparable across machines; absolute values are machine specific and only the ranking is portable,False
transformer,attention-only transformer,15min,True,2766.31,0.0718225,69185,0.0996725,5481.99,BLAS and OpenMP thread counts are pinned to 1 for every run so the durations are comparable across machines; absolute values are machine specific and only the ranking is portable,False
transformer,attention-only transformer,24h,True,3404.41,0.13232,69185,0.182048,10012.6,BLAS and OpenMP thread counts are pinned to 1 for every run so the durations are comparable across machines; absolute values are machine specific and only the ranking is portable,False
transformer,attention-only transformer,6h,True,3172.27,0.187266,69185,0.182867,10057.7,BLAS and OpenMP thread counts are pinned to 1 for every run so the durations are comparable across machines; absolute values are machine specific and only the ranking is portable,False
