protocol,model,horizon,test_site,train_sites,seed,rated_w,mae,rmse,mse,smape,r2,bias,peak_error,n,nrmse_capacity,nrmse_mean,skill_vs_persistence_rmse,train_seconds,n_parameters,n_features
cross_site,gradient_boosting,1h,SQ1,LSK North,42,27600,4210.88,5684.42,3.23126e+07,72.2763,0.366806,3723.61,30206.9,17679,0.205957,0.76089,-0.261015,0,0,33
cross_site,gradient_boosting,1h,SQ2,LSK North,42,33300,4233.97,5655.22,3.19815e+07,71.191,0.369267,3751.96,27038.1,17679,0.169826,0.761974,-0.244071,0,0,33
cross_site,gradient_boosting,1h,SQ3,LSK North,42,33300,4082.2,5629.68,3.16933e+07,66.1098,0.480427,3383.05,29135.7,17678,0.169059,0.67609,-0.122862,0,0,33
cross_site,gradient_boosting,1h,SQ4,LSK North,42,33300,4072.95,5637.77,3.17845e+07,65.5678,0.502465,3334.11,30310,17678,0.169302,0.66132,-0.100697,0,0,33
cross_site,gradient_boosting,1h,UG Hall6,LSK North,42,25000,4197.27,5532.19,3.06051e+07,72.812,0.29796,3801.14,27439.7,17675,0.221288,0.796321,-0.333216,0,0,33
cross_site,gradient_boosting,1h,UG Hall7,LSK North,42,31980,4396.7,5683.57,3.23029e+07,81.9763,-0.0241308,4102.05,25573.4,17678,0.177723,0.989254,-0.565347,0,0,33
cross_site,linear_regression,1h,SQ1,LSK North,42,27600,5527.84,7068.34,4.99614e+07,83.201,0.0209615,5004.27,35024.4,17679,0.256099,0.946136,-0.56802,0,0,33
cross_site,linear_regression,1h,SQ2,LSK North,42,33300,5617.01,7210.01,5.19842e+07,82.4682,-0.0252222,5096.36,35671.1,17679,0.216517,0.971464,-0.586103,0,0,33
cross_site,linear_regression,1h,SQ3,LSK North,42,33300,5352.8,6907.01,4.77068e+07,76.866,0.217904,4720.76,34710.4,17678,0.207418,0.82949,-0.377632,0,0,33
cross_site,linear_regression,1h,SQ4,LSK North,42,33300,5323.82,6888.72,4.74545e+07,76.2109,0.257176,4642.09,35467.4,17678,0.206869,0.808058,-0.344927,0,0,33
cross_site,linear_regression,1h,UG Hall6,LSK North,42,25000,5673.56,7133.56,5.08877e+07,84.925,-0.167294,5244.49,32787.4,17675,0.285342,1.02683,-0.719133,0,0,33
cross_site,linear_regression,1h,UG Hall7,LSK North,42,31980,6024.3,7506.76,5.63514e+07,93.9518,-0.786564,5678.85,34014.2,17678,0.234733,1.30659,-1.06748,0,0,33
cross_site,xgboost,1h,SQ1,LSK North,42,27600,4633.49,6395.3,4.08998e+07,73.2909,0.198532,4145.93,30790.5,17679,0.231714,0.856045,-0.418714,0,0,33
cross_site,xgboost,1h,SQ2,LSK North,42,33300,4627.06,6344.85,4.02572e+07,71.861,0.206056,4193.78,31479,17679,0.190536,0.854894,-0.395781,0,0,33
cross_site,xgboost,1h,SQ3,LSK North,42,33300,4442.05,6241.38,3.89548e+07,66.6315,0.361384,3757.02,30449,17678,0.187429,0.749551,-0.244868,0,0,33
cross_site,xgboost,1h,SQ4,LSK North,42,33300,4403.42,6193.13,3.83549e+07,65.9712,0.399616,3675.49,30494.4,17678,0.18598,0.726464,-0.209123,0,0,33
cross_site,xgboost,1h,UG Hall6,LSK North,42,25000,4730.87,6399.89,4.09586e+07,74.2737,0.060466,4340.56,29872.5,17675,0.255996,0.921221,-0.542324,0,0,33
cross_site,xgboost,1h,UG Hall7,LSK North,42,31980,5111.78,6808.73,4.63588e+07,84.4661,-0.469759,4836.97,29293.8,17678,0.212906,1.1851,-0.875236,0,0,33
leave_one_site_out,gradient_boosting,1h,LSK North,"SQ1, SQ2, SQ3, SQ4, UG Hall6, UG Hall7",42,55000,6161.34,9128.68,8.33328e+07,56.9589,0.596933,-3708.44,43114.1,17679,0.165976,0.586107,0.00142458,0,0,33
leave_one_site_out,gradient_boosting,1h,SQ1,"LSK North, SQ2, SQ3, SQ4, UG Hall6, UG Hall7",42,27600,2211.23,3361.36,1.12988e+07,55.8986,0.778591,197.676,20953.7,17679,0.121789,0.449937,0.254325,0,0,33
leave_one_site_out,gradient_boosting,1h,SQ2,"LSK North, SQ1, SQ3, SQ4, UG Hall6, UG Hall7",42,33300,2231.84,3383.14,1.14457e+07,53.2168,0.774271,229.833,21936.7,17679,0.101596,0.455839,0.255755,0,0,33
leave_one_site_out,gradient_boosting,1h,SQ3,"LSK North, SQ1, SQ2, SQ4, UG Hall6, UG Hall7",42,33300,2495.86,3759.82,1.41362e+07,52.5231,0.768254,-24.6288,24408.4,17678,0.112907,0.451531,0.250089,0,0,33
leave_one_site_out,gradient_boosting,1h,SQ4,"LSK North, SQ1, SQ2, SQ3, UG Hall6, UG Hall7",42,33300,2513.91,3807.16,1.44945e+07,52.6892,0.773112,27.1686,23942.1,17678,0.114329,0.446586,0.256705,0,0,33
leave_one_site_out,gradient_boosting,1h,UG Hall6,"LSK North, SQ1, SQ2, SQ3, SQ4, UG Hall7",42,25000,2050.55,3090.6,9.55183e+06,52.3484,0.780894,347.093,19503.2,17675,0.123624,0.444872,0.255188,0,0,33
leave_one_site_out,gradient_boosting,1h,UG Hall7,"LSK North, SQ1, SQ2, SQ3, SQ4, UG Hall6",42,31980,1989.92,2906.42,8.44726e+06,58.3635,0.732188,656.038,19428.1,17678,0.0908823,0.505877,0.199526,0,0,33
leave_one_site_out,linear_regression,1h,LSK North,"SQ1, SQ2, SQ3, SQ4, UG Hall6, UG Hall7",42,55000,4843.89,7127.53,5.08016e+07,53.9036,0.754281,-1305.35,43072.3,17679,0.129591,0.457623,0.220328,0,0,33
leave_one_site_out,linear_regression,1h,SQ1,"LSK North, SQ2, SQ3, SQ4, UG Hall6, UG Hall7",42,27600,2326.44,3443.99,1.1861e+07,59.4932,0.767572,-81.5055,21985.4,17679,0.124782,0.460997,0.235996,0,0,33
leave_one_site_out,linear_regression,1h,SQ2,"LSK North, SQ1, SQ3, SQ4, UG Hall6, UG Hall7",42,33300,2324.91,3439.56,1.18306e+07,56.5329,0.76668,73.9503,24150.4,17679,0.10329,0.46344,0.243344,0,0,33
leave_one_site_out,linear_regression,1h,SQ3,"LSK North, SQ1, SQ2, SQ4, UG Hall6, UG Hall7",42,33300,2605.14,3841.14,1.47544e+07,55.051,0.75812,-155.026,25622,17678,0.11535,0.461298,0.233869,0,0,33
leave_one_site_out,linear_regression,1h,SQ4,"LSK North, SQ1, SQ2, SQ3, UG Hall6, UG Hall7",42,33300,2643.55,3915.46,1.53308e+07,55.088,0.76002,-174.373,25049.2,17678,0.117581,0.45929,0.235561,0,0,33
leave_one_site_out,linear_regression,1h,UG Hall6,"LSK North, SQ1, SQ2, SQ3, SQ4, UG Hall7",42,25000,2153.65,3134.68,9.82625e+06,55.4122,0.774599,71.3702,20003.1,17675,0.125387,0.451217,0.244565,0,0,33
leave_one_site_out,linear_regression,1h,UG Hall7,"LSK North, SQ1, SQ2, SQ3, SQ4, UG Hall6",42,31980,1944.59,2854.18,8.14633e+06,59.1974,0.741729,197.317,20475.2,17678,0.0892488,0.496784,0.213913,0,0,33
leave_one_site_out,xgboost,1h,LSK North,"SQ1, SQ2, SQ3, SQ4, UG Hall6, UG Hall7",42,55000,6097.85,9125.78,8.32798e+07,54.9142,0.597189,-3641.23,42114.7,17679,0.165923,0.585921,0.00174174,0,0,33
leave_one_site_out,xgboost,1h,SQ1,"LSK North, SQ2, SQ3, SQ4, UG Hall6, UG Hall7",42,27600,2192.39,3354.71,1.12541e+07,54.5938,0.779466,-112.159,22550.5,17679,0.121547,0.449046,0.255801,0,0,33
leave_one_site_out,xgboost,1h,SQ2,"LSK North, SQ1, SQ3, SQ4, UG Hall6, UG Hall7",42,33300,2187.84,3375.85,1.13964e+07,51.4733,0.775243,-86.1209,22795.6,17679,0.101377,0.454856,0.257359,0,0,33
leave_one_site_out,xgboost,1h,SQ3,"LSK North, SQ1, SQ2, SQ4, UG Hall6, UG Hall7",42,33300,2542.41,3855,1.4861e+07,50.8786,0.756372,-449.981,23752.7,17678,0.115766,0.462962,0.231105,0,0,33
leave_one_site_out,xgboost,1h,SQ4,"LSK North, SQ1, SQ2, SQ3, UG Hall6, UG Hall7",42,33300,2553.29,3901.03,1.52181e+07,50.7475,0.761785,-423.66,23877.8,17678,0.117148,0.457598,0.238377,0,0,33
leave_one_site_out,xgboost,1h,UG Hall6,"LSK North, SQ1, SQ2, SQ3, SQ4, UG Hall7",42,25000,2060.37,3134.58,9.82559e+06,50.1791,0.774614,-81.2949,18930.8,17675,0.125383,0.451201,0.24459,0,0,33
leave_one_site_out,xgboost,1h,UG Hall7,"LSK North, SQ1, SQ2, SQ3, SQ4, UG Hall6",42,31980,1863.67,2820.01,7.95244e+06,54.8997,0.747876,317.726,19413.1,17678,0.0881803,0.490837,0.223324,0,0,33
within_site,gradient_boosting,1h,LSK North,LSK North,42,55000,4373.86,6664.26,4.44124e+07,49.7801,0.785185,871.728,40604.3,17679,0.121168,0.427879,0.271004,0,0,33
within_site,gradient_boosting,1h,SQ1,SQ1,42,27600,2211.37,3331.83,1.11011e+07,55.2504,0.782465,569.195,21375.6,17679,0.120718,0.445983,0.260877,0,0,33
within_site,gradient_boosting,1h,SQ2,SQ2,42,33300,2092.32,3280.91,1.07643e+07,51.0262,0.787708,478.241,22493,17679,0.0985257,0.442064,0.278245,0,0,33
within_site,gradient_boosting,1h,SQ3,SQ3,42,33300,2397.92,3676.11,1.35137e+07,50.978,0.778459,77.958,24273.4,17678,0.110394,0.441478,0.266786,0,0,33
within_site,gradient_boosting,1h,SQ4,SQ4,42,33300,2450.99,3756.6,1.41121e+07,52.0507,0.779098,720.827,23011.9,17678,0.112811,0.440656,0.266575,0,0,33
within_site,gradient_boosting,1h,UG Hall6,UG Hall6,42,25000,1926.29,2998.73,8.99236e+06,49.7559,0.793728,502.222,19427.9,17675,0.119949,0.431646,0.27733,0,0,33
within_site,gradient_boosting,1h,UG Hall7,UG Hall7,42,31980,1751.54,2771.92,7.68354e+06,52.556,0.756401,743.49,19120.3,17678,0.0866767,0.482467,0.236568,0,0,33
within_site,linear_regression,1h,LSK North,LSK North,42,55000,5174.37,7456.88,5.56051e+07,57.617,0.731048,2165.56,49273.2,17679,0.13558,0.478769,0.184301,0,0,33
within_site,linear_regression,1h,SQ1,SQ1,42,27600,2410.86,3510.58,1.23241e+07,60.1107,0.758497,735.466,23374.4,17679,0.127195,0.46991,0.221224,0,0,33
within_site,linear_regression,1h,SQ2,SQ2,42,33300,2683.22,3756.44,1.41108e+07,60.898,0.721709,1242.24,22693.5,17679,0.112806,0.506136,0.173634,0,0,33
within_site,linear_regression,1h,SQ3,SQ3,42,33300,2563.17,3803.97,1.44702e+07,55.064,0.762778,220.851,24717.2,17678,0.114233,0.456834,0.241282,0,0,33
within_site,linear_regression,1h,SQ4,SQ4,42,33300,2684.61,3963.86,1.57122e+07,56.8857,0.754051,786.017,24526.9,17678,0.119035,0.464967,0.226112,0,0,33
within_site,linear_regression,1h,UG Hall6,UG Hall6,42,25000,2749.46,3775.99,1.42581e+07,62.5332,0.672939,1601.96,20776.4,17675,0.15104,0.543528,0.0900153,0,0,33
within_site,linear_regression,1h,UG Hall7,UG Hall7,42,31980,1917.68,2860.49,8.18243e+06,57.1253,0.740585,745.363,19497.6,17678,0.0894463,0.497884,0.212173,0,0,33
within_site,xgboost,1h,LSK North,LSK North,42,55000,4505.29,6835.32,4.67216e+07,48.575,0.774016,570.828,39732.2,17679,0.124279,0.438862,0.252292,0,0,33
within_site,xgboost,1h,SQ1,SQ1,42,27600,2236.37,3414.11,1.16561e+07,53.8964,0.771588,540.355,22684.7,17679,0.1237,0.456997,0.242624,0,0,33
within_site,xgboost,1h,SQ2,SQ2,42,33300,2114.55,3320.82,1.10278e+07,49.4718,0.782511,423.53,20828.4,17679,0.0997243,0.447441,0.269465,0,0,33
within_site,xgboost,1h,SQ3,SQ3,42,33300,2383.43,3719.78,1.38368e+07,48.3183,0.773163,-45.6609,24691.5,17678,0.111705,0.446723,0.258075,0,0,33
within_site,xgboost,1h,SQ4,SQ4,42,33300,2486.02,3822.85,1.46142e+07,50.2781,0.771238,435.96,23776,17678,0.1148,0.448427,0.253641,0,0,33
within_site,xgboost,1h,UG Hall6,UG Hall6,42,25000,2043.33,3092.76,9.56518e+06,49.5021,0.780588,136.913,21888.7,17675,0.12371,0.445182,0.254668,0,0,33
within_site,xgboost,1h,UG Hall7,UG Hall7,42,31980,1739.52,2764.68,7.64348e+06,51.6041,0.757671,625.163,18236,17678,0.0864504,0.481207,0.238561,0,0,33
