model,horizon,removed_regime,rmse_w,full_rmse_w,rmse_increase_pct,n_daylight,skill_point,skill_ci_low,skill_ci_high,dm_p_value,dm_statistic,dm_lag1_autocorrelation,comparison,dm_p_value_holm
attention_lstm,1h,pv_only,9621.23,9090.15,5.84246,17679,-0.0584246,-0.103564,-0.0186076,0,16.484,0.747,"attention_lstm with pv_only against attention_lstm with the full input set, on the same daylight timestamps",0
attention_lstm,1h,weather_only,9294.61,9090.15,2.24926,17679,-0.0224926,-0.069586,0.0316384,1.89133e-08,5.62166,0.6907,"attention_lstm with weather_only against attention_lstm with the full input set, on the same daylight timestamps",1.32393e-07
attention_lstm,1h,pv_weather_solar,8824.57,9090.15,-2.9216,17679,0.029216,0.00324958,0.0553121,1.93845e-13,-7.353,0.6551,"attention_lstm with pv_weather_solar against attention_lstm with the full input set, on the same daylight timestamps",1.93845e-12
attention_lstm,1h,pv_weather,8709.93,9090.15,-4.18269,17679,0.0418269,0.0189245,0.0633165,4.44089e-16,-8.14791,0.6291,"attention_lstm with pv_weather against attention_lstm with the full input set, on the same daylight timestamps",5.32907e-15
cnn_lstm,1h,weather_only,9636.88,6819.39,41.3158,17679,-0.413158,-0.477624,-0.354319,0,64.3218,0.6767,"cnn_lstm with weather_only against cnn_lstm with the full input set, on the same daylight timestamps",0
cnn_lstm,1h,pv_weather,6837.66,6819.39,0.267929,17679,-0.00267929,-0.0100942,0.00463823,2.41121e-09,5.96736,0.4558,"cnn_lstm with pv_weather against cnn_lstm with the full input set, on the same daylight timestamps",1.92897e-08
cnn_lstm,1h,pv_weather_solar,6815.04,6819.39,-0.0637884,17679,0.000637884,-0.00650844,0.00811917,0.370092,-0.896302,0.4523,"cnn_lstm with pv_weather_solar against cnn_lstm with the full input set, on the same daylight timestamps",0.740183
cnn_lstm,1h,pv_only,6724.06,6819.39,-1.39797,17679,0.0139797,0.0064507,0.0215645,0.0567839,-1.90497,0.4662,"cnn_lstm with pv_only against cnn_lstm with the full input set, on the same daylight timestamps",0.170352
gradient_boosting,1h,weather_only,10004.8,6664.26,50.1259,17679,-0.501259,-0.563867,-0.440964,0,72.5022,0.7067,"gradient_boosting with weather_only against gradient_boosting with the full input set, on the same daylight timestamps",0
gradient_boosting,1h,pv_weather,6737.9,6664.26,1.105,17679,-0.01105,-0.0172597,-0.00448319,0,10.4053,0.4194,"gradient_boosting with pv_weather against gradient_boosting with the full input set, on the same daylight timestamps",0
gradient_boosting,1h,pv_weather_solar,6714.57,6664.26,0.75497,17679,-0.0075497,-0.0123764,-0.00290779,7.86608e-07,4.93866,0.3347,"gradient_boosting with pv_weather_solar against gradient_boosting with the full input set, on the same daylight timestamps",3.93304e-06
gradient_boosting,1h,pv_only,6560.07,6664.26,-1.56342,17679,0.0156342,0.00567086,0.0262217,6.92113e-13,-7.18099,0.4838,"gradient_boosting with pv_only against gradient_boosting with the full input set, on the same daylight timestamps",6.22902e-12
lstm,1h,weather_only,10107.7,9263.78,9.11043,17679,-0.0911043,-0.137625,-0.0406699,0,9.6416,0.6493,"lstm with weather_only against lstm with the full input set, on the same daylight timestamps",0
lstm,1h,pv_only,9670.52,9263.78,4.39062,17679,-0.0439062,-0.0770635,-0.0119254,0,11.2612,0.623,"lstm with pv_only against lstm with the full input set, on the same daylight timestamps",0
lstm,1h,pv_weather_solar,9193.12,9263.78,-0.762705,17679,0.00762705,-0.0126726,0.0278278,0.00251629,-3.02138,0.5587,"lstm with pv_weather_solar against lstm with the full input set, on the same daylight timestamps",0.0100652
lstm,1h,pv_weather,9065.37,9263.78,-2.14179,17679,0.0214179,-0.00102286,0.0449872,9.9698e-14,-7.44122,0.5776,"lstm with pv_weather against lstm with the full input set, on the same daylight timestamps",1.09668e-12
xgboost,1h,weather_only,9753.17,6835.32,42.6878,17679,-0.426878,-0.485284,-0.375955,0,69.9491,0.6689,"xgboost with weather_only against xgboost with the full input set, on the same daylight timestamps",0
xgboost,1h,pv_weather_solar,6854.86,6835.32,0.285898,17679,-0.00285898,-0.0118537,0.00593783,2.33595e-08,5.58508,0.2755,"xgboost with pv_weather_solar against xgboost with the full input set, on the same daylight timestamps",1.40157e-07
xgboost,1h,pv_weather,6800.8,6835.32,-0.505071,17679,0.00505071,-0.00424978,0.014957,0.494763,0.682752,0.3229,"xgboost with pv_weather against xgboost with the full input set, on the same daylight timestamps",0.740183
xgboost,1h,pv_only,6598.11,6835.32,-3.47037,17679,0.0347037,0.0206613,0.0503569,0,-15.5922,0.4382,"xgboost with pv_only against xgboost with the full input set, on the same daylight timestamps",0
