scope,statistic,value
all_rows,n,90525
all_rows,mean,3681.9270958511515
all_rows,std,6058.648002825901
all_rows,min,0.0
all_rows,p01,0.0
all_rows,p05,0.0
all_rows,p25,0.0
all_rows,median,0.0
all_rows,p75,5194.0
all_rows,p95,18239.2672
all_rows,p99,22827.0
all_rows,max,24990.0
all_rows,n_zero,45796
all_rows,fraction_zero,0.5058933996133664
all_rows,n_negative,0
daylight_only,n,45713
daylight_only,mean,7290.952275106792
daylight_only,std,6810.220578232339
daylight_only,min,0.0
daylight_only,p01,0.0
daylight_only,p05,44.19999919999997
daylight_only,p25,1399.0
daylight_only,median,5093.0
daylight_only,p75,12090.0
daylight_only,p95,20715.4
daylight_only,p99,23777.62616
daylight_only,max,24990.0
daylight_only,n_zero,1291
daylight_only,fraction_zero,0.028241419289917528
daylight_only,n_negative,0
train_daylight,n,22477
train_daylight,mean,7418.708188637359
train_daylight,std,6963.623555841501
train_daylight,min,0.0
train_daylight,p01,0.0
train_daylight,p05,40.333332
train_daylight,p25,1444.6666
train_daylight,median,5146.0
train_daylight,p75,12228.667
train_daylight,p95,21497.4004
train_daylight,p99,24205.893680000005
train_daylight,max,24990.0
train_daylight,n_zero,722
train_daylight,fraction_zero,0.032121724429416736
train_daylight,n_negative,0
outliers::pv_power_w,variable,pv_power_w
outliers::pv_power_w,n,90525
outliers::pv_power_w,min,0.0
outliers::pv_power_w,q1,0.0
outliers::pv_power_w,median,0.0
outliers::pv_power_w,q3,5194.0
outliers::pv_power_w,max,24990.0
outliers::pv_power_w,iqr,5194.0
outliers::pv_power_w,tukey_upper_fence,12985.0
outliers::pv_power_w,tukey_lower_fence,-7791.0
outliers::pv_power_w,n_above_upper_fence,10388
outliers::pv_power_w,n_below_lower_fence,0
outliers::pv_power_w,skewness,1.7157150395280083
outliers::pv_power_w,kurtosis,1.8680005868327672
outliers::ghi,variable,ghi
outliers::ghi,n,90525
outliers::ghi,min,0.0
outliers::ghi,q1,0.0
outliers::ghi,median,5.7396666666666665
outliers::ghi,q3,209.84333333333333
outliers::ghi,max,1200.0
outliers::ghi,iqr,209.84333333333333
outliers::ghi,tukey_upper_fence,524.6083333333333
outliers::ghi,tukey_lower_fence,-314.765
outliers::ghi,n_above_upper_fence,10429
outliers::ghi,n_below_lower_fence,0
outliers::ghi,skewness,1.8860532795981624
outliers::ghi,kurtosis,2.987360738889738
outliers::temperature,variable,temperature
outliers::temperature,n,90525
outliers::temperature,min,5.8202799999999995
outliers::temperature,q1,19.283733333333334
outliers::temperature,median,24.339333333333332
outliers::temperature,q3,27.444466666666663
outliers::temperature,max,39.60966666666666
outliers::temperature,iqr,8.16073333333333
outliers::temperature,tukey_upper_fence,39.68556666666666
outliers::temperature,tukey_lower_fence,7.04263333333334
outliers::temperature,n_above_upper_fence,0
outliers::temperature,n_below_lower_fence,154
outliers::temperature,skewness,-0.3842670429064367
outliers::temperature,kurtosis,-0.3746959090661317
outliers::relative_humidity,variable,relative_humidity
outliers::relative_humidity,n,90525
outliers::relative_humidity,min,0.3118106666666666
outliers::relative_humidity,q1,70.27693333333333
outliers::relative_humidity,median,82.63653333333333
outliers::relative_humidity,q3,91.68786666666666
outliers::relative_humidity,max,99.9738
outliers::relative_humidity,iqr,21.410933333333332
outliers::relative_humidity,tukey_upper_fence,123.80426666666666
outliers::relative_humidity,tukey_lower_fence,38.16053333333333
outliers::relative_humidity,n_above_upper_fence,0
outliers::relative_humidity,n_below_lower_fence,2003
outliers::relative_humidity,skewness,-1.0548102545328044
outliers::relative_humidity,kurtosis,1.078831447014386
outliers::wind_speed,variable,wind_speed
outliers::wind_speed,n,90525
outliers::wind_speed,min,0.346958
outliers::wind_speed,q1,1.4921133333333332
outliers::wind_speed,median,2.2941533333333335
outliers::wind_speed,q3,3.310306666666667
outliers::wind_speed,max,52.18320000000001
outliers::wind_speed,iqr,1.8181933333333338
outliers::wind_speed,tukey_upper_fence,6.037596666666667
outliers::wind_speed,tukey_lower_fence,-1.2351766666666677
outliers::wind_speed,n_above_upper_fence,3588
outliers::wind_speed,n_below_lower_fence,0
outliers::wind_speed,skewness,2.338159804524405
outliers::wind_speed,kurtosis,18.012206895988186
