lag,autocorrelation,lag_hours
0,1,0
1,0.623614,0.25
2,0.406008,0.5
3,0.225295,0.75
4,0.0010604,1
5,0.0109418,1.25
6,0.00725576,1.5
7,-0.000990565,1.75
8,0.0159041,2
9,0.0292473,2.25
10,0.0292169,2.5
11,0.0395849,2.75
12,0.0259013,3
13,0.0137461,3.25
14,0.0143144,3.5
15,-0.0019675,3.75
16,-0.00814381,4
17,-0.0100752,4.25
18,-0.00529381,4.5
19,0.00265417,4.75
20,0.0096242,5
21,0.00978219,5.25
22,0.0127995,5.5
23,0.00977488,5.75
24,0.00204344,6
25,0.00362698,6.25
26,-0.000917986,6.5
27,0.00334938,6.75
28,0.00635859,7
29,0.00137374,7.25
30,-0.000823358,7.5
31,-0.00514343,7.75
32,-0.0134601,8
33,-0.0164727,8.25
34,-0.0185761,8.5
35,-0.0112385,8.75
36,-0.000389219,9
37,0.00739691,9.25
38,0.026337,9.5
39,0.0298037,9.75
40,0.0303753,10
41,0.0255941,10.25
42,0.0241481,10.5
43,0.0256103,10.75
44,0.0250578,11
45,0.0314585,11.25
46,0.0445598,11.5
47,0.0463868,11.75
48,0.0523458,12
49,0.0631303,12.25
50,0.0568962,12.5
51,0.0551695,12.75
52,0.0501449,13
53,0.038405,13.25
54,0.0264851,13.5
55,0.0215185,13.75
56,0.0167285,14
57,0.00493762,14.25
58,0.00931323,14.5
59,0.0203304,14.75
60,0.0238909,15
61,0.0185262,15.25
62,0.00907727,15.5
63,0.00663191,15.75
64,0.00314032,16
65,0.00556223,16.25
66,0.00797599,16.5
67,0.00819345,16.75
68,0.000976397,17
69,0.00861442,17.25
70,0.00927759,17.5
71,0.0119624,17.75
72,0.0156406,18
73,-0.000675836,18.25
74,-0.00292191,18.5
75,-0.00616412,18.75
76,-0.00291738,19
77,0.00894169,19.25
78,0.0145469,19.5
79,0.0168821,19.75
80,0.0161531,20
81,0.0129304,20.25
82,0.00823712,20.5
83,0.00731893,20.75
84,0.00839246,21
85,0.0158041,21.25
86,0.0243199,21.5
87,0.0294438,21.75
88,0.0234927,22
89,0.0185229,22.25
90,0.00726754,22.5
91,-0.00482916,22.75
92,-0.0131993,23
93,-0.0116425,23.25
94,-0.007874,23.5
95,0.000457967,23.75
96,0.0143392,24
97,0.0162929,24.25
98,0.0288418,24.5
99,0.0280116,24.75
100,0.0248866,25
101,0.0193005,25.25
102,0.0121655,25.5
103,0.00732493,25.75
104,0.00803589,26
105,0.0117666,26.25
106,0.0140034,26.5
107,0.0277447,26.75
108,0.0199101,27
109,0.00669133,27.25
110,0.00349538,27.5
111,-0.0165236,27.75
112,-0.0135278,28
113,-0.0100009,28.25
114,-0.0107442,28.5
115,0.00205727,28.75
116,-0.00209772,29
117,-0.00386376,29.25
118,0.000821515,29.5
119,-0.00583929,29.75
120,-0.00181423,30
121,0.0140363,30.25
122,0.0167535,30.5
123,0.0171995,30.75
124,0.0141451,31
125,0.0120395,31.25
126,0.0111192,31.5
127,0.0184759,31.75
128,0.0197512,32
129,0.0180818,32.25
130,0.0151187,32.5
131,0.000353304,32.75
132,-0.00658562,33
133,-0.017902,33.25
134,-0.0227593,33.5
135,-0.018303,33.75
136,-0.0147479,34
137,-0.000631452,34.25
138,0.0173553,34.5
139,0.0258119,34.75
140,0.0351623,35
141,0.0328754,35.25
142,0.0247587,35.5
143,0.0186522,35.75
144,0.00882847,36
145,-0.00484916,36.25
146,-0.0100268,36.5
147,-8.99567e-05,36.75
148,0.00819678,37
149,0.0175968,37.25
150,0.0227346,37.5
151,0.0126384,37.75
152,9.6685e-05,38
153,-4.48362e-05,38.25
154,-0.00549644,38.5
155,0.00561546,38.75
156,0.0127833,39
157,0.0250068,39.25
158,0.0304016,39.5
159,0.0277865,39.75
160,0.0313364,40
161,0.0126949,40.25
162,-0.00257342,40.5
163,-0.0182938,40.75
164,-0.0197356,41
165,-0.00711032,41.25
166,0.00300167,41.5
167,0.0153554,41.75
168,0.0127833,42
169,0.0119954,42.25
170,0.0123633,42.5
171,0.00948299,42.75
172,0.00901924,43
173,0.0100663,43.25
174,0.00280075,43.5
175,-0.00376609,43.75
176,-0.0021503,44
177,-0.000404625,44.25
178,0.000291583,44.5
179,0.00476682,44.75
180,0.00367181,45
181,0.00461068,45.25
182,0.00568937,45.5
183,0.008092,45.75
184,0.00724684,46
185,0.0115895,46.25
186,0.014453,46.5
187,0.0119935,46.75
188,0.0147924,47
189,0.00797014,47.25
190,-0.00704266,47.5
191,-0.00863589,47.75
192,-0.00960398,48
