feature,value,model,method
ghi,0.115922,xgboost,
temperature,0.0128198,xgboost,
relative_humidity,0.0382551,xgboost,
wind_speed,0.0213726,xgboost,
solar_elevation,0.0160605,xgboost,
sin_solar_elevation,0.0105793,xgboost,
hour_sin,0.189471,xgboost,
hour_cos,0.0305247,xgboost,
doy_sin,0.0108746,xgboost,
doy_cos,0.00980022,xgboost,
pv_power_w_lag_0,0.243382,xgboost,
pv_power_w_lag_1,0.00602177,xgboost,
pv_power_w_lag_2,0.00168815,xgboost,
pv_power_w_lag_4,0.000475599,xgboost,
pv_power_w_lag_8,0.000733664,xgboost,
pv_power_w_lag_12,0.000312955,xgboost,
pv_power_w_lag_24,0.00032893,xgboost,
pv_power_w_lag_48,0.040797,xgboost,
pv_power_w_lag_96,0.0260937,xgboost,
pv_rolling_mean_4,0.0365861,xgboost,
pv_rolling_std_4,0.0261073,xgboost,
pv_rolling_mean_12,0.0048688,xgboost,
pv_rolling_std_12,0.0116609,xgboost,
pv_rolling_mean_24,0.00514742,xgboost,
pv_rolling_std_24,0.00974042,xgboost,
ghi_rollmean_4,0.0177997,xgboost,
ghi_rollmean_24,0.00748251,xgboost,
temperature_rollmean_4,0.0103318,xgboost,
temperature_rollmean_24,0.0135311,xgboost,
ghi_delta_1,0.0191735,xgboost,
ghi_slope_1,0.00960617,xgboost,
ghi_delta_4,0.0324144,xgboost,
ghi_slope_4,0.0200361,xgboost,
pv_power_w_lag_1,5386.76,attention_lstm,
pv_power_w_lag_0,4100.86,attention_lstm,
pv_power_w_lag_8,3023.04,attention_lstm,
solar_elevation,2477.7,attention_lstm,
pv_rolling_mean_4,2327.36,attention_lstm,
pv_rolling_std_24,2281.84,attention_lstm,
ghi_rollmean_4,2275.25,attention_lstm,
ghi,2151.31,attention_lstm,
pv_power_w_lag_96,2013.92,attention_lstm,
pv_rolling_std_12,1998.12,attention_lstm,
pv_power_w_lag_2,1920.86,attention_lstm,
pv_rolling_mean_24,1869.35,attention_lstm,
pv_power_w_lag_12,1817.82,attention_lstm,
ghi_delta_4,1687.11,attention_lstm,
pv_rolling_mean_12,1510.93,attention_lstm,
ghi_slope_4,1340.64,attention_lstm,
ghi_delta_1,1327.4,attention_lstm,
pv_rolling_std_4,1305.89,attention_lstm,
pv_power_w_lag_24,1255.25,attention_lstm,
ghi_slope_1,1197.55,attention_lstm,
pv_power_w_lag_4,924.845,attention_lstm,
pv_power_w_lag_48,562.616,attention_lstm,
ghi_rollmean_24,493.47,attention_lstm,
relative_humidity,221.729,attention_lstm,
temperature,23.2494,attention_lstm,
doy_cos,12.3095,attention_lstm,
hour_cos,-0.218651,attention_lstm,
doy_sin,-0.223643,attention_lstm,
hour_sin,-3.16443,attention_lstm,
sin_solar_elevation,-8.14966,attention_lstm,
temperature_rollmean_24,-22.4488,attention_lstm,
wind_speed,-32.3754,attention_lstm,
temperature_rollmean_4,-38.0554,attention_lstm,
