model,model_family,horizon,horizon_steps,source_group,experiment_id,rmse,mae,nrmse_capacity,nrmse_mean,r2,smape,persistence_rmse,smart_persistence_rmse,skill_vs_persistence_rmse,skill_vs_smart_persistence_rmse,train_seconds,n_parameters
persistence,baseline,15min,1,C_horizons,C_horizons__persistence__15min,5322.58,3127.5,0.0967741,0.341736,0.862973,38.0632,5322.58,6427.01,0,0.171842,0,0
persistence,baseline,24h,96,C_horizons,C_horizons__persistence__24h,11367.8,7287.05,0.206687,0.730059,0.376327,64.2245,11367.8,11489.2,0,0.0105663,0,0
persistence,baseline,6h,24,C_horizons,C_horizons__persistence__6h,22382.6,17282.1,0.406956,1.43691,-1.42155,159.364,22382.6,18087.6,0,-0.237452,0,0
persistence,baseline,1h,4,B_ml_vs_dl,B_ml_vs_dl__persistence__1h,9141.7,6615.88,0.166213,0.586943,0.595783,77.1514,9141.7,7952.79,0,-0.149495,0,0
smart_persistence,baseline,15min,1,C_horizons,C_horizons__smart_persistence__15min,5173.85,2727.64,0.09407,0.332187,0.870524,31.5529,5322.58,6427.01,0.0279425,0.194983,0,0
smart_persistence,baseline,24h,96,C_horizons,C_horizons__smart_persistence__24h,11366.2,7284.31,0.206659,0.72996,0.376496,64.1995,11367.8,11489.2,0.000135136,0.0107,0,0
smart_persistence,baseline,6h,24,C_horizons,C_horizons__smart_persistence__6h,18040.9,12388.1,0.328016,1.15818,-0.573218,136.512,22382.6,18087.6,0.193977,0.00258476,0,0
smart_persistence,baseline,1h,4,B_ml_vs_dl,B_ml_vs_dl__smart_persistence__1h,7668.06,4569.62,0.139419,0.492328,0.715599,56.9708,9141.7,7952.79,0.1612,0.0358033,0,0
linear_regression,classical_ml,15min,1,C_horizons,C_horizons__linear_regression__15min,5026.47,3043.8,0.0913903,0.322725,0.877796,40.0668,5322.58,6427.01,0.0556324,0.217915,1.39183,793
linear_regression,classical_ml,24h,96,C_horizons,C_horizons__linear_regression__24h,9792.01,7429.26,0.178037,0.62886,0.537247,68.9616,11367.8,11489.2,0.138617,0.147718,6.3225,793
linear_regression,classical_ml,6h,24,C_horizons,C_horizons__linear_regression__6h,9602.44,7376.88,0.17459,0.616456,0.554305,70.0403,22382.6,18087.6,0.570985,0.469115,6.09076,793
linear_regression,classical_ml,1h,4,B_ml_vs_dl,B_ml_vs_dl__linear_regression__1h,7456.88,5174.37,0.13558,0.478769,0.731048,57.617,9141.7,7952.79,0.184301,0.0623572,1.96041,793
random_forest,classical_ml,15min,1,C_horizons,C_horizons__random_forest__15min,4953.62,3043.5,0.0900658,0.318047,0.881312,32.6724,5322.58,6427.01,0.0693194,0.22925,188.263,200
random_forest,classical_ml,1h,4,B_ml_vs_dl,B_ml_vs_dl__random_forest__1h,6693.3,4472.94,0.121696,0.429744,0.783308,46.2257,9141.7,7952.79,0.267827,0.158371,287.445,200
gradient_boosting,classical_ml,15min,1,C_horizons,C_horizons__gradient_boosting__15min,4817.07,2878.96,0.0875831,0.30928,0.887765,37.2615,5322.58,6427.01,0.0949744,0.250496,11.8988,0
gradient_boosting,classical_ml,1h,4,B_ml_vs_dl,B_ml_vs_dl__gradient_boosting__1h,6664.26,4373.86,0.121168,0.427879,0.785185,49.7801,9141.7,7952.79,0.271004,0.162023,9.48589,0
xgboost,classical_ml,15min,1,C_horizons,C_horizons__xgboost__15min,5113.67,3131.51,0.0929758,0.328323,0.873519,35.7421,5322.58,6427.01,0.0392488,0.204346,36.4617,400
xgboost,classical_ml,1h,4,B_ml_vs_dl,B_ml_vs_dl__xgboost__1h,6835.32,4505.29,0.124279,0.438862,0.774016,48.575,9141.7,7952.79,0.252292,0.140514,42.5256,400
lstm,recurrent,15min,1,C_horizons,C_horizons__lstm__15min,8777.03,6311.02,0.159582,0.563529,0.627389,63.4485,5322.58,6427.01,-0.649019,-0.365648,181.018,50401
lstm,recurrent,1h,4,B_ml_vs_dl,B_ml_vs_dl__lstm__1h,9263.78,6745.83,0.168432,0.594781,0.584915,65.7897,9141.7,7952.79,-0.0133541,-0.164846,312.606,50401
gru,recurrent,15min,1,C_horizons,C_horizons__gru__15min,8879.73,6483.15,0.16145,0.570123,0.618618,65.504,5322.58,6427.01,-0.668314,-0.381627,136.007,37825
gru,recurrent,1h,4,B_ml_vs_dl,B_ml_vs_dl__gru__1h,9611.46,6892.61,0.174754,0.617104,0.553172,68.761,9141.7,7952.79,-0.0513868,-0.208564,361.926,37825
cnn_lstm,hybrid,15min,1,C_horizons,C_horizons__cnn_lstm__15min,4853.34,2733.77,0.0882425,0.311609,0.886069,33.9039,5322.58,6427.01,0.0881599,0.244853,207.668,64225
cnn_lstm,hybrid,1h,4,B_ml_vs_dl,B_ml_vs_dl__cnn_lstm__1h,6819.39,4165.31,0.123989,0.437839,0.775068,47.9131,9141.7,7952.79,0.254035,0.142517,274.126,64225
attention_lstm,hybrid,15min,1,C_horizons,C_horizons__attention_lstm__15min,8134.21,5416.62,0.147895,0.522257,0.679969,55.5616,5322.58,6427.01,-0.528248,-0.26563,251.347,55201
attention_lstm,hybrid,1h,4,B_ml_vs_dl,B_ml_vs_dl__attention_lstm__1h,9090.15,6237.43,0.165275,0.583633,0.600329,63.701,9141.7,7952.79,0.00563943,-0.143013,172.778,55201
transformer,attention,15min,1,C_horizons,C_horizons__transformer__15min,5481.99,3544.59,0.0996725,0.351971,0.854643,49.02,5322.58,6427.01,-0.0299503,0.147039,2766.31,69185
transformer,attention,1h,4,B_ml_vs_dl,B_ml_vs_dl__transformer__1h,7850.66,5548.56,0.142739,0.504052,0.701892,60.0508,9141.7,7952.79,0.141226,0.0128428,1121.99,69185
