feature,importance,relative_importance
ghi,0.115922,0.115922
temperature,0.0128198,0.0128198
relative_humidity,0.0382551,0.0382551
wind_speed,0.0213726,0.0213726
solar_elevation,0.0160605,0.0160605
sin_solar_elevation,0.0105793,0.0105793
hour_sin,0.189471,0.189471
hour_cos,0.0305247,0.0305247
doy_sin,0.0108746,0.0108746
doy_cos,0.00980022,0.00980022
pv_power_w_lag_0,0.243382,0.243382
pv_power_w_lag_1,0.00602177,0.00602177
pv_power_w_lag_2,0.00168815,0.00168815
pv_power_w_lag_4,0.000475599,0.000475599
pv_power_w_lag_8,0.000733664,0.000733664
pv_power_w_lag_12,0.000312955,0.000312955
pv_power_w_lag_24,0.00032893,0.00032893
pv_power_w_lag_48,0.040797,0.040797
pv_power_w_lag_96,0.0260937,0.0260937
pv_rolling_mean_4,0.0365861,0.0365861
pv_rolling_std_4,0.0261073,0.0261073
pv_rolling_mean_12,0.0048688,0.0048688
pv_rolling_std_12,0.0116609,0.0116609
pv_rolling_mean_24,0.00514742,0.00514742
pv_rolling_std_24,0.00974042,0.00974042
ghi_rollmean_4,0.0177997,0.0177997
ghi_rollmean_24,0.00748251,0.00748251
temperature_rollmean_4,0.0103318,0.0103318
temperature_rollmean_24,0.0135311,0.0135311
ghi_delta_1,0.0191735,0.0191735
ghi_slope_1,0.00960617,0.00960617
ghi_delta_4,0.0324144,0.0324144
ghi_slope_4,0.0200361,0.0200361
