metric,formula,units,interpretation,limitations,primary
mae,MAE = (1/n) * sum_i |y_i - f_i|,same as the target (W),Average absolute deviation between forecast and observation. Robust to outliers relative to RMSE because errors are not squared.,"Weights every timestamp equally, so night-time steps with zero target and zero forecast pull the value down without carrying any energy. Always report alongside a daylight-only figure.",yes
rmse,RMSE = sqrt( (1/n) * sum_i (y_i - f_i)^2 ),same as the target (W),"Root mean squared deviation. Penalises large errors more heavily than MAE, which matters operationally because a large miss during peak generation has a higher cost than several small misses overnight.","Sensitive to outliers. Does not distinguish systematic bias from variance, so it should be read together with the residual mean and a residual distribution.",yes
nrmse,nRMSE = RMSE / normaliser,dimensionless,"RMSE expressed as a fraction of a reference scale, so that sites of different rated capacity can be compared directly.",Depends entirely on the choice of normaliser. Dividing by rated capacity measures performance against nameplate and can look generous for a site that never reaches nameplate; dividing by the mean observed target measures performance against the realised energy. Both are reported so the dependence is visible.,yes
r2,R^2 = 1 - sum_i (y_i - f_i)^2 / sum_i (y_i - mean(y))^2,dimensionless,"Fraction of the observed variance explained by the forecast. 1 is a perfect forecast, 0 is no better than predicting the mean, negative is worse than predicting the mean.","Inflated by any structure the target itself has. A PV power series is strongly diurnal, so a model that learns only the time of day can achieve a high R^2 while being unable to predict a single cloud transition. R^2 must not be read as evidence of operational skill, and it is not comparable across different evaluation windows.",no
smape,"sMAPE = (100/n) * sum_i 2|y_i - f_i| / (|y_i| + |f_i|), with the 0/0 term defined as 0",percent,"Symmetric percentage error, bounded by 200%. Scale-free, so it can be compared across stations and it does not blow up where the target approaches zero.","Still compresses to zero whenever both actual and forecast are zero, so a night-time step contributes no information about whether the model tracked the transition correctly. Reported for comparability with the wider literature, not as the headline metric.",yes
skill_vs_persistence,skill = 1 - RMSE_model / RMSE_persistence,fraction (0 to 1 for improvement),Fractional improvement in RMSE over the persistence forecast. A skill of 0.2 means the model reduces RMSE by 20% relative to carrying the most recent observation forward.,"Only meaningful when computed on exactly the same set of timestamps as the persistence forecast, and it inherits the pathology of whichever base metric is used. Reported here against RMSE and MAE.",yes
mape,MAPE = (100/n) * sum_i |y_i - f_i| / |y_i|,percent,Asymmetric percentage error.,"UNDEFINED for this target. PV power is exactly zero at night, so MAPE is undefined on roughly half the dataset and unbounded near dawn and dusk, where it is dominated by timesteps carrying almost no energy. It is therefore deliberately not computed; sMAPE is used instead and the choice is reported.",no
bias,bias = (1/n) * sum_i (f_i - y_i),same as the target (W),"Mean signed error. A non-zero value indicates systematic over- or under-forecasting, which a purely absolute metric such as MAE or RMSE cannot reveal.","A small mean bias can hide large cancelling errors, so it is a diagnostic rather than a performance measure.",no
peak_error,peak_error = max_i |f_i - y_i|,same as the target (W),"Worst single-timestep absolute error, a direct proxy for the reserve margin an operator must hold.",A single order statistic with high sampling variance; it should be read as a bound rather than a central tendency.,no
