experiment_id,model,model_family,horizon,feature_spec,seed,n_train,n_val,n_test,n_features,mae,rmse,nrmse_capacity,nrmse_mean,r2,smape,bias,peak_error,persistence_rmse,smart_persistence_rmse,skill_vs_persistence_rmse,skill_vs_smart_persistence_rmse,rmse_all_steps,mae_all_steps,r2_all_steps,train_seconds,inference_ms_per_window,n_parameters,config_fingerprint,git_revision,python_version,torch_version,notes
B_ml_vs_dl__persistence__1h,persistence,baseline,1h,full,42,43745,11681,35009,33,6615.88,9141.7,0.166213,0.586943,0.595783,77.1514,-60.7616,48164,9141.7,7952.79,0,-0.149495,6501.51,3372.65,0.743875,0,0,0,7bace29b6f2d9dc0,d469139,3.13.14,2.13.0+cpu,"Full model set at the default horizon, identical inputs and split."
B_ml_vs_dl__smart_persistence__1h,smart_persistence,baseline,1h,full,42,43745,11681,35009,33,4569.62,7668.06,0.139419,0.492328,0.715599,56.9708,180.406,52827.6,9141.7,7952.79,0.1612,0.0358033,5449.17,2310.08,0.820079,0,0,0,7bace29b6f2d9dc0,d469139,3.13.14,2.13.0+cpu,"Full model set at the default horizon, identical inputs and split."
B_ml_vs_dl__linear_regression__1h,linear_regression,classical_ml,1h,full,42,43745,11681,35009,33,5174.37,7456.88,0.13558,0.478769,0.731048,57.617,2165.56,49273.2,9141.7,7952.79,0.184301,0.0623572,5545.24,3550.28,0.813679,1.96041,0.00124763,793,7bace29b6f2d9dc0,d469139,3.13.14,2.13.0+cpu,"Full model set at the default horizon, identical inputs and split."
B_ml_vs_dl__random_forest__1h,random_forest,classical_ml,1h,full,42,43745,11681,35009,33,4472.94,6693.3,0.121696,0.429744,0.783308,46.2257,815.373,36775,9141.7,7952.79,0.267827,0.158371,4756.43,2260.46,0.862917,287.445,0.0202081,200,7bace29b6f2d9dc0,d469139,3.13.14,2.13.0+cpu,"Full model set at the default horizon, identical inputs and split."
B_ml_vs_dl__gradient_boosting__1h,gradient_boosting,classical_ml,1h,full,42,43745,11681,35009,33,4373.86,6664.26,0.121168,0.427879,0.785185,49.7801,871.728,40604.3,9141.7,7952.79,0.271004,0.162023,4737.83,2275.47,0.863987,9.48589,0.0206342,0,7bace29b6f2d9dc0,d469139,3.13.14,2.13.0+cpu,"Full model set at the default horizon, identical inputs and split."
B_ml_vs_dl__xgboost__1h,xgboost,classical_ml,1h,full,42,43745,11681,35009,33,4505.29,6835.32,0.124279,0.438862,0.774016,48.575,570.828,39732.2,9141.7,7952.79,0.252292,0.140514,4859.8,2318.25,0.856893,42.5256,0.00291191,400,7bace29b6f2d9dc0,d469139,3.13.14,2.13.0+cpu,"Full model set at the default horizon, identical inputs and split."
B_ml_vs_dl__lstm__1h,lstm,recurrent,1h,full,42,43745,11681,35009,33,6745.83,9263.78,0.168432,0.594781,0.584915,65.7897,-417.378,46928.6,9141.7,7952.79,-0.0133541,-0.164846,6595.14,3595.73,0.736446,312.606,0.0520458,50401,7bace29b6f2d9dc0,d469139,3.13.14,2.13.0+cpu,"Full model set at the default horizon, identical inputs and split."
B_ml_vs_dl__gru__1h,gru,recurrent,1h,full,42,43745,11681,35009,33,6892.61,9611.46,0.174754,0.617104,0.553172,68.761,-1502.82,41489.9,9141.7,7952.79,-0.0513868,-0.208564,6850.93,3749.99,0.715606,361.926,0.0467192,37825,7bace29b6f2d9dc0,d469139,3.13.14,2.13.0+cpu,"Full model set at the default horizon, identical inputs and split."
B_ml_vs_dl__cnn_lstm__1h,cnn_lstm,hybrid,1h,full,42,43745,11681,35009,33,4165.31,6819.39,0.123989,0.437839,0.775068,47.9131,397.749,47042.2,9141.7,7952.79,0.254035,0.142517,4846.68,2123.39,0.857665,274.126,0.0265059,64225,7bace29b6f2d9dc0,d469139,3.13.14,2.13.0+cpu,"Full model set at the default horizon, identical inputs and split."
B_ml_vs_dl__attention_lstm__1h,attention_lstm,hybrid,1h,full,42,43745,11681,35009,33,6237.43,9090.15,0.165275,0.583633,0.600329,63.701,216.565,46641.5,9141.7,7952.79,0.00563943,-0.143013,6461.34,3206.79,0.747031,172.778,0.0328235,55201,7bace29b6f2d9dc0,d469139,3.13.14,2.13.0+cpu,"Full model set at the default horizon, identical inputs and split."
B_ml_vs_dl__transformer__1h,transformer,attention,1h,full,42,43745,11681,35009,33,5548.56,7850.66,0.142739,0.504052,0.701892,60.0508,716.27,47959.8,9141.7,7952.79,0.141226,0.0128428,6098.89,4149.96,0.774616,1121.99,0.0477623,69185,7bace29b6f2d9dc0,d469139,3.13.14,2.13.0+cpu,"Full model set at the default horizon, identical inputs and split."
