model,reference_model,horizon,loss,n_daylight_comparisons,rmse_w,skill_point,skill_ci_low,skill_ci_high,dm_statistic,dm_p_value,dm_mean_differential_w,dm_better_model,dm_lag1_autocorrelation,wilcoxon_p_value,wilcoxon_effect_size,significant_at_0.05_raw,losses_agree,dm_p_value_holm,significant_at_0.05_holm
smart_persistence,persistence,1h,mae,17679,7668.06,0.1612,0.139455,0.185832,-0.472519,0.636556,-2046.26,smart_persistence,0.6068,0,-0.581173,False,True,1,False
cnn_lstm,persistence,1h,mae,17679,6819.39,0.254035,0.230676,0.277732,-0.461883,0.644165,-2450.57,cnn_lstm,0.5402,0,-0.516166,False,True,1,False
gradient_boosting,persistence,1h,mae,17679,6664.26,0.271004,0.248971,0.292975,-0.413987,0.678884,-2242.02,gradient_boosting,0.595,0,-0.438153,False,True,1,False
random_forest,persistence,1h,mae,17679,6693.3,0.267827,0.245912,0.289838,-0.365664,0.714616,-2142.94,random_forest,0.5796,0,-0.391478,False,True,1,False
xgboost,persistence,1h,mae,17679,6835.32,0.252292,0.230149,0.274063,-0.364125,0.715765,-2110.59,xgboost,0.5562,0,-0.404301,False,True,1,False
linear_regression,persistence,1h,mae,17679,7456.88,0.184301,0.162373,0.206155,-0.302527,0.762251,-1441.51,linear_regression,0.5687,0,-0.33414,False,True,1,False
transformer,persistence,1h,mae,17679,7850.66,0.141226,0.116556,0.165069,-0.211237,0.832703,-1067.32,transformer,0.5858,2.79901e-179,-0.247938,False,True,1,False
attention_lstm,persistence,1h,mae,17679,9090.15,0.00563943,-0.0411677,0.0505727,-0.0503827,0.959817,-378.445,attention_lstm,0.6332,2.4489e-35,-0.10773,False,True,1,False
gru,persistence,1h,mae,17679,9611.46,-0.0513868,-0.098344,-0.00961199,0.0350174,0.972066,276.728,persistence,0.6313,0.587408,0.00471207,False,True,1,False
lstm,persistence,1h,mae,17679,9263.78,-0.0133541,-0.0577333,0.0248133,0.017179,0.986294,129.953,persistence,0.6205,0.0304146,-0.0187984,False,True,1,False
gradient_boosting,persistence,1h,rmse,17679,6664.26,0.271004,0.248971,0.292975,-0.335898,0.736948,-3.91583e+07,gradient_boosting,0.4534,0,-0.438153,False,True,1,False
cnn_lstm,persistence,1h,rmse,17679,6819.39,0.254035,0.230676,0.277732,-0.308972,0.757343,-3.70666e+07,cnn_lstm,0.3962,0,-0.516166,False,True,1,False
random_forest,persistence,1h,rmse,17679,6693.3,0.267827,0.245912,0.289838,-0.293815,0.768899,-3.87704e+07,random_forest,0.4344,0,-0.391478,False,True,1,False
xgboost,persistence,1h,rmse,17679,6835.32,0.252292,0.230149,0.274063,-0.281355,0.778438,-3.68491e+07,xgboost,0.4322,0,-0.404301,False,True,1,False
smart_persistence,persistence,1h,rmse,17679,7668.06,0.1612,0.139455,0.185832,-0.271634,0.785904,-2.47716e+07,smart_persistence,0.4914,0,-0.581173,False,True,1,False
linear_regression,persistence,1h,rmse,17679,7456.88,0.184301,0.162373,0.206155,-0.260808,0.794241,-2.79656e+07,linear_regression,0.4478,0,-0.33414,False,True,1,False
transformer,persistence,1h,rmse,17679,7850.66,0.141226,0.116556,0.165069,-0.187925,0.850935,-2.19379e+07,transformer,0.4483,2.79901e-179,-0.247938,False,True,1,False
gru,persistence,1h,rmse,17679,9611.46,-0.0513868,-0.098344,-0.00961199,0.0441699,0.964769,8.80953e+06,persistence,0.555,0.587408,0.00471207,False,True,1,False
lstm,persistence,1h,rmse,17679,9263.78,-0.0133541,-0.0577333,0.0248133,0.0123436,0.990151,2.24692e+06,persistence,0.5239,0.0304146,-0.0187984,False,True,1,False
attention_lstm,persistence,1h,rmse,17679,9090.15,0.00563943,-0.0411677,0.0505727,-0.00490463,0.996087,-939924,attention_lstm,0.5667,2.4489e-35,-0.10773,False,True,1,False
