model,horizon,alpha,nominal_coverage,scope,interval_half_width_w,empirical_coverage,coverage_error,n,n_calibration,n_calibration_daylight,calibration_window_days,method,guarantee
xgboost,1h,0.1,0.9,evaluation_all_steps,4793,0.828614,-0.0713858,32033,2976,1348,31,"split conformal, symmetric unadapted interval","approximate only: the calibration block precedes the evaluation block, so the two are not exchangeable under seasonal drift"
xgboost,1h,0.1,0.9,evaluation_daylight,4793,0.66383,-0.23617,16331,2976,1348,31,"split conformal, symmetric unadapted interval","approximate only: the calibration block precedes the evaluation block, so the two are not exchangeable under seasonal drift"
xgboost,1h,0.2,0.8,evaluation_all_steps,2257.25,0.724534,-0.0754659,32033,2976,1348,31,"split conformal, symmetric unadapted interval","approximate only: the calibration block precedes the evaluation block, so the two are not exchangeable under seasonal drift"
xgboost,1h,0.2,0.8,evaluation_daylight,2257.25,0.460168,-0.339832,16331,2976,1348,31,"split conformal, symmetric unadapted interval","approximate only: the calibration block precedes the evaluation block, so the two are not exchangeable under seasonal drift"
lstm,1h,0.1,0.9,evaluation_all_steps,8138.36,0.829738,-0.0702619,32033,2976,1348,31,"split conformal, symmetric unadapted interval","approximate only: the calibration block precedes the evaluation block, so the two are not exchangeable under seasonal drift"
lstm,1h,0.1,0.9,evaluation_daylight,8138.36,0.666095,-0.233905,16331,2976,1348,31,"split conformal, symmetric unadapted interval","approximate only: the calibration block precedes the evaluation block, so the two are not exchangeable under seasonal drift"
lstm,1h,0.2,0.8,evaluation_all_steps,4569.99,0.737177,-0.0628227,32033,2976,1348,31,"split conformal, symmetric unadapted interval","approximate only: the calibration block precedes the evaluation block, so the two are not exchangeable under seasonal drift"
lstm,1h,0.2,0.8,evaluation_daylight,4569.99,0.485457,-0.314543,16331,2976,1348,31,"split conformal, symmetric unadapted interval","approximate only: the calibration block precedes the evaluation block, so the two are not exchangeable under seasonal drift"
transformer,1h,0.1,0.9,evaluation_all_steps,6222.53,0.808572,-0.0914276,32033,2976,1348,31,"split conformal, symmetric unadapted interval","approximate only: the calibration block precedes the evaluation block, so the two are not exchangeable under seasonal drift"
transformer,1h,0.1,0.9,evaluation_daylight,6222.53,0.687221,-0.212779,16331,2976,1348,31,"split conformal, symmetric unadapted interval","approximate only: the calibration block precedes the evaluation block, so the two are not exchangeable under seasonal drift"
transformer,1h,0.2,0.8,evaluation_all_steps,4399.95,0.703556,-0.0964443,32033,2976,1348,31,"split conformal, symmetric unadapted interval","approximate only: the calibration block precedes the evaluation block, so the two are not exchangeable under seasonal drift"
transformer,1h,0.2,0.8,evaluation_daylight,4399.95,0.563958,-0.236042,16331,2976,1348,31,"split conformal, symmetric unadapted interval","approximate only: the calibration block precedes the evaluation block, so the two are not exchangeable under seasonal drift"
