experiment_id,experiment_group,model,model_family,model_kind,horizon,horizon_steps,features,feature_spec,seed,n_features,n_train,n_val,n_test,train_start,train_end,val_start,val_end,test_start,test_end,rmse,mae,nrmse_capacity,nrmse_mean,r2,smape,bias,peak_error,persistence_rmse,smart_persistence_rmse,skill_vs_persistence_rmse,skill_vs_smart_persistence_rmse,rmse_all_steps,mae_all_steps,r2_all_steps,train_seconds,inference_ms_per_window,n_parameters,config_fingerprint,git_revision,python_version,torch_version,notes
A_baselines__linear_regression__1h,A_baselines,linear_regression,classical_ml,sklearn,1h,4,full,full,42,33,43745,11681,35009,2021-06-02 06:45:00,2022-08-31 22:45:00,2022-09-01 06:45:00,2022-12-31 22:45:00,2023-01-01 06:45:00,2023-12-31 22:45:00,7456.88,5174.37,0.13558,0.478769,0.731048,57.617,2165.56,49273.2,9141.7,7952.79,0.184301,0.0623572,5545.24,3550.28,0.813679,2.14349,0.0012342,793,7bace29b6f2d9dc0,d469139,3.13.14,2.13.0+cpu,Persistence and smart persistence references against a linear fit.
A_baselines__persistence__1h,A_baselines,persistence,baseline,rule,1h,4,full,full,42,33,43745,11681,35009,2021-06-02 06:45:00,2022-08-31 22:45:00,2022-09-01 06:45:00,2022-12-31 22:45:00,2023-01-01 06:45:00,2023-12-31 22:45:00,9141.7,6615.88,0.166213,0.586943,0.595783,77.1514,-60.7616,48164,9141.7,7952.79,0,-0.149495,6501.51,3372.65,0.743875,0,0,0,7bace29b6f2d9dc0,d469139,3.13.14,2.13.0+cpu,Persistence and smart persistence references against a linear fit.
A_baselines__smart_persistence__1h,A_baselines,smart_persistence,baseline,rule,1h,4,full,full,42,33,43745,11681,35009,2021-06-02 06:45:00,2022-08-31 22:45:00,2022-09-01 06:45:00,2022-12-31 22:45:00,2023-01-01 06:45:00,2023-12-31 22:45:00,7668.06,4569.62,0.139419,0.492328,0.715599,56.9708,180.406,52827.6,9141.7,7952.79,0.1612,0.0358033,5449.17,2310.08,0.820079,0,0,0,7bace29b6f2d9dc0,d469139,3.13.14,2.13.0+cpu,Persistence and smart persistence references against a linear fit.
B_ml_vs_dl__attention_lstm__1h,B_ml_vs_dl,attention_lstm,hybrid,torch,1h,4,full,full,42,33,43745,11681,35009,2021-06-02 06:45:00,2022-08-31 22:45:00,2022-09-01 06:45:00,2022-12-31 22:45:00,2023-01-01 06:45:00,2023-12-31 22:45:00,9090.15,6237.43,0.165275,0.583633,0.600329,63.701,216.565,46641.5,9141.7,7952.79,0.00563943,-0.143013,6461.34,3206.79,0.747031,172.778,0.0328235,55201,7bace29b6f2d9dc0,d469139,3.13.14,2.13.0+cpu,"Full model set at the default horizon, identical inputs and split."
B_ml_vs_dl__cnn_lstm__1h,B_ml_vs_dl,cnn_lstm,hybrid,torch,1h,4,full,full,42,33,43745,11681,35009,2021-06-02 06:45:00,2022-08-31 22:45:00,2022-09-01 06:45:00,2022-12-31 22:45:00,2023-01-01 06:45:00,2023-12-31 22:45:00,6819.39,4165.31,0.123989,0.437839,0.775068,47.9131,397.749,47042.2,9141.7,7952.79,0.254035,0.142517,4846.68,2123.39,0.857665,274.126,0.0265059,64225,7bace29b6f2d9dc0,d469139,3.13.14,2.13.0+cpu,"Full model set at the default horizon, identical inputs and split."
B_ml_vs_dl__gradient_boosting__1h,B_ml_vs_dl,gradient_boosting,classical_ml,sklearn,1h,4,full,full,42,33,43745,11681,35009,2021-06-02 06:45:00,2022-08-31 22:45:00,2022-09-01 06:45:00,2022-12-31 22:45:00,2023-01-01 06:45:00,2023-12-31 22:45:00,6664.26,4373.86,0.121168,0.427879,0.785185,49.7801,871.728,40604.3,9141.7,7952.79,0.271004,0.162023,4737.83,2275.47,0.863987,9.48589,0.0206342,0,7bace29b6f2d9dc0,d469139,3.13.14,2.13.0+cpu,"Full model set at the default horizon, identical inputs and split."
B_ml_vs_dl__gru__1h,B_ml_vs_dl,gru,recurrent,torch,1h,4,full,full,42,33,43745,11681,35009,2021-06-02 06:45:00,2022-08-31 22:45:00,2022-09-01 06:45:00,2022-12-31 22:45:00,2023-01-01 06:45:00,2023-12-31 22:45:00,9611.46,6892.61,0.174754,0.617104,0.553172,68.761,-1502.82,41489.9,9141.7,7952.79,-0.0513868,-0.208564,6850.93,3749.99,0.715606,361.926,0.0467192,37825,7bace29b6f2d9dc0,d469139,3.13.14,2.13.0+cpu,"Full model set at the default horizon, identical inputs and split."
B_ml_vs_dl__linear_regression__1h,B_ml_vs_dl,linear_regression,classical_ml,sklearn,1h,4,full,full,42,33,43745,11681,35009,2021-06-02 06:45:00,2022-08-31 22:45:00,2022-09-01 06:45:00,2022-12-31 22:45:00,2023-01-01 06:45:00,2023-12-31 22:45:00,7456.88,5174.37,0.13558,0.478769,0.731048,57.617,2165.56,49273.2,9141.7,7952.79,0.184301,0.0623572,5545.24,3550.28,0.813679,1.96041,0.00124763,793,7bace29b6f2d9dc0,d469139,3.13.14,2.13.0+cpu,"Full model set at the default horizon, identical inputs and split."
B_ml_vs_dl__lstm__1h,B_ml_vs_dl,lstm,recurrent,torch,1h,4,full,full,42,33,43745,11681,35009,2021-06-02 06:45:00,2022-08-31 22:45:00,2022-09-01 06:45:00,2022-12-31 22:45:00,2023-01-01 06:45:00,2023-12-31 22:45:00,9263.78,6745.83,0.168432,0.594781,0.584915,65.7897,-417.378,46928.6,9141.7,7952.79,-0.0133541,-0.164846,6595.14,3595.73,0.736446,312.606,0.0520458,50401,7bace29b6f2d9dc0,d469139,3.13.14,2.13.0+cpu,"Full model set at the default horizon, identical inputs and split."
B_ml_vs_dl__persistence__1h,B_ml_vs_dl,persistence,baseline,rule,1h,4,full,full,42,33,43745,11681,35009,2021-06-02 06:45:00,2022-08-31 22:45:00,2022-09-01 06:45:00,2022-12-31 22:45:00,2023-01-01 06:45:00,2023-12-31 22:45:00,9141.7,6615.88,0.166213,0.586943,0.595783,77.1514,-60.7616,48164,9141.7,7952.79,0,-0.149495,6501.51,3372.65,0.743875,0,0,0,7bace29b6f2d9dc0,d469139,3.13.14,2.13.0+cpu,"Full model set at the default horizon, identical inputs and split."
B_ml_vs_dl__random_forest__1h,B_ml_vs_dl,random_forest,classical_ml,sklearn,1h,4,full,full,42,33,43745,11681,35009,2021-06-02 06:45:00,2022-08-31 22:45:00,2022-09-01 06:45:00,2022-12-31 22:45:00,2023-01-01 06:45:00,2023-12-31 22:45:00,6693.3,4472.94,0.121696,0.429744,0.783308,46.2257,815.373,36775,9141.7,7952.79,0.267827,0.158371,4756.43,2260.46,0.862917,287.445,0.0202081,200,7bace29b6f2d9dc0,d469139,3.13.14,2.13.0+cpu,"Full model set at the default horizon, identical inputs and split."
B_ml_vs_dl__smart_persistence__1h,B_ml_vs_dl,smart_persistence,baseline,rule,1h,4,full,full,42,33,43745,11681,35009,2021-06-02 06:45:00,2022-08-31 22:45:00,2022-09-01 06:45:00,2022-12-31 22:45:00,2023-01-01 06:45:00,2023-12-31 22:45:00,7668.06,4569.62,0.139419,0.492328,0.715599,56.9708,180.406,52827.6,9141.7,7952.79,0.1612,0.0358033,5449.17,2310.08,0.820079,0,0,0,7bace29b6f2d9dc0,d469139,3.13.14,2.13.0+cpu,"Full model set at the default horizon, identical inputs and split."
B_ml_vs_dl__transformer__1h,B_ml_vs_dl,transformer,attention,torch,1h,4,full,full,42,33,43745,11681,35009,2021-06-02 06:45:00,2022-08-31 22:45:00,2022-09-01 06:45:00,2022-12-31 22:45:00,2023-01-01 06:45:00,2023-12-31 22:45:00,7850.66,5548.56,0.142739,0.504052,0.701892,60.0508,716.27,47959.8,9141.7,7952.79,0.141226,0.0128428,6098.89,4149.96,0.774616,1121.99,0.0477623,69185,7bace29b6f2d9dc0,d469139,3.13.14,2.13.0+cpu,"Full model set at the default horizon, identical inputs and split."
B_ml_vs_dl__xgboost__1h,B_ml_vs_dl,xgboost,classical_ml,sklearn,1h,4,full,full,42,33,43745,11681,35009,2021-06-02 06:45:00,2022-08-31 22:45:00,2022-09-01 06:45:00,2022-12-31 22:45:00,2023-01-01 06:45:00,2023-12-31 22:45:00,6835.32,4505.29,0.124279,0.438862,0.774016,48.575,570.828,39732.2,9141.7,7952.79,0.252292,0.140514,4859.8,2318.25,0.856893,42.5256,0.00291191,400,7bace29b6f2d9dc0,d469139,3.13.14,2.13.0+cpu,"Full model set at the default horizon, identical inputs and split."
C_horizons__attention_lstm__15min,C_horizons,attention_lstm,hybrid,torch,15min,1,full,full,42,33,43751,11687,35015,2021-06-02 06:00:00,2022-08-31 23:30:00,2022-09-01 06:00:00,2022-12-31 23:30:00,2023-01-01 06:00:00,2023-12-31 23:30:00,8134.21,5416.62,0.147895,0.522257,0.679969,55.5616,111.944,45197.3,5322.58,6427.01,-0.528248,-0.26563,5781.21,2798.61,0.797462,251.347,0.0368651,55201,7bace29b6f2d9dc0,d469139,3.13.14,2.13.0+cpu,"Every model at 15 minutes, 1 hour, 6 hours and 24 hours ahead."
C_horizons__cnn_lstm__15min,C_horizons,cnn_lstm,hybrid,torch,15min,1,full,full,42,33,43751,11687,35015,2021-06-02 06:00:00,2022-08-31 23:30:00,2022-09-01 06:00:00,2022-12-31 23:30:00,2023-01-01 06:00:00,2023-12-31 23:30:00,4853.34,2733.77,0.0882425,0.311609,0.886069,33.9039,-30.6147,35580.8,5322.58,6427.01,0.0881599,0.244853,3449.17,1410.15,0.927906,207.668,0.025835,64225,7bace29b6f2d9dc0,d469139,3.13.14,2.13.0+cpu,"Every model at 15 minutes, 1 hour, 6 hours and 24 hours ahead."
C_horizons__gradient_boosting__15min,C_horizons,gradient_boosting,classical_ml,sklearn,15min,1,full,full,42,33,43751,11687,35015,2021-06-02 06:00:00,2022-08-31 23:30:00,2022-09-01 06:00:00,2022-12-31 23:30:00,2023-01-01 06:00:00,2023-12-31 23:30:00,4817.07,2878.96,0.0875831,0.30928,0.887765,37.2615,476.515,33596.4,5322.58,6427.01,0.0949744,0.250496,3423.69,1483.9,0.928967,11.8988,0.0173184,0,7bace29b6f2d9dc0,d469139,3.13.14,2.13.0+cpu,"Every model at 15 minutes, 1 hour, 6 hours and 24 hours ahead."
C_horizons__gru__15min,C_horizons,gru,recurrent,torch,15min,1,full,full,42,33,43751,11687,35015,2021-06-02 06:00:00,2022-08-31 23:30:00,2022-09-01 06:00:00,2022-12-31 23:30:00,2023-01-01 06:00:00,2023-12-31 23:30:00,8879.73,6483.15,0.16145,0.570123,0.618618,65.504,-1348.92,43043.1,5322.58,6427.01,-0.668314,-0.381627,6370.73,3736.86,0.75405,136.007,0.0447359,37825,7bace29b6f2d9dc0,d469139,3.13.14,2.13.0+cpu,"Every model at 15 minutes, 1 hour, 6 hours and 24 hours ahead."
C_horizons__linear_regression__15min,C_horizons,linear_regression,classical_ml,sklearn,15min,1,full,full,42,33,43751,11687,35015,2021-06-02 06:00:00,2022-08-31 23:30:00,2022-09-01 06:00:00,2022-12-31 23:30:00,2023-01-01 06:00:00,2023-12-31 23:30:00,5026.47,3043.8,0.0913903,0.322725,0.877796,40.0668,948.745,43019.6,5322.58,6427.01,0.0556324,0.217915,3603.28,1793.24,0.92132,1.39183,0.000941839,793,7bace29b6f2d9dc0,d469139,3.13.14,2.13.0+cpu,"Every model at 15 minutes, 1 hour, 6 hours and 24 hours ahead."
C_horizons__linear_regression__24h,C_horizons,linear_regression,classical_ml,sklearn,24h,96,full,full,42,33,43561,11497,34825,2021-06-03 05:45:00,2022-08-30 23:45:00,2022-09-02 05:45:00,2022-12-30 23:45:00,2023-01-02 05:45:00,2023-12-30 23:45:00,9792.01,7429.26,0.178037,0.62886,0.537247,68.9616,998.946,41515.3,11367.8,11489.2,0.138617,0.147718,7330.77,4953.27,0.674843,6.3225,0.00198335,793,7bace29b6f2d9dc0,d469139,3.13.14,2.13.0+cpu,"Every model at 15 minutes, 1 hour, 6 hours and 24 hours ahead."
C_horizons__linear_regression__6h,C_horizons,linear_regression,classical_ml,sklearn,6h,24,full,full,42,33,43705,11641,34969,2021-06-02 11:45:00,2022-08-31 17:45:00,2022-09-01 11:45:00,2022-12-31 17:45:00,2023-01-01 11:45:00,2023-12-31 17:45:00,9602.44,7376.88,0.17459,0.616456,0.554305,70.0403,1438.22,38758,22382.6,18087.6,0.570985,0.469115,7165.18,4923.95,0.689096,6.09076,0.00235158,793,7bace29b6f2d9dc0,d469139,3.13.14,2.13.0+cpu,"Every model at 15 minutes, 1 hour, 6 hours and 24 hours ahead."
C_horizons__lstm__15min,C_horizons,lstm,recurrent,torch,15min,1,full,full,42,33,43751,11687,35015,2021-06-02 06:00:00,2022-08-31 23:30:00,2022-09-01 06:00:00,2022-12-31 23:30:00,2023-01-01 06:00:00,2023-12-31 23:30:00,8777.03,6311.02,0.159582,0.563529,0.627389,63.4485,250.164,44900.9,5322.58,6427.01,-0.649019,-0.365648,6245.82,3362.61,0.7636,181.018,0.0358864,50401,7bace29b6f2d9dc0,d469139,3.13.14,2.13.0+cpu,"Every model at 15 minutes, 1 hour, 6 hours and 24 hours ahead."
C_horizons__persistence__15min,C_horizons,persistence,baseline,rule,15min,1,full,full,42,33,43751,11687,35015,2021-06-02 06:00:00,2022-08-31 23:30:00,2022-09-01 06:00:00,2022-12-31 23:30:00,2023-01-01 06:00:00,2023-12-31 23:30:00,5322.58,3127.5,0.0967741,0.341736,0.862973,38.0632,0.500236,46031,5322.58,6427.01,0,0.171842,3782.04,1579.87,0.91332,0,0,0,7bace29b6f2d9dc0,d469139,3.13.14,2.13.0+cpu,"Every model at 15 minutes, 1 hour, 6 hours and 24 hours ahead."
C_horizons__persistence__24h,C_horizons,persistence,baseline,rule,24h,96,full,full,42,33,43561,11497,34825,2021-06-03 05:45:00,2022-08-30 23:45:00,2022-09-02 05:45:00,2022-12-30 23:45:00,2023-01-02 05:45:00,2023-12-30 23:45:00,11367.8,7287.05,0.206687,0.730059,0.376327,64.2245,-6.64581,51427.3,11367.8,11489.2,0,0.0105663,8079.79,3681.79,0.605003,0,0,0,7bace29b6f2d9dc0,d469139,3.13.14,2.13.0+cpu,"Every model at 15 minutes, 1 hour, 6 hours and 24 hours ahead."
C_horizons__persistence__6h,C_horizons,persistence,baseline,rule,6h,24,full,full,42,33,43705,11641,34969,2021-06-02 11:45:00,2022-08-31 17:45:00,2022-09-01 11:45:00,2022-12-31 17:45:00,2023-01-01 11:45:00,2023-12-31 17:45:00,22382.6,17282.1,0.406956,1.43691,-1.42155,159.364,-7271.34,55003,22382.6,18087.6,0,-0.237452,18836.8,12396,-1.14874,0,0,0,7bace29b6f2d9dc0,d469139,3.13.14,2.13.0+cpu,"Every model at 15 minutes, 1 hour, 6 hours and 24 hours ahead."
C_horizons__random_forest__15min,C_horizons,random_forest,classical_ml,sklearn,15min,1,full,full,42,33,43751,11687,35015,2021-06-02 06:00:00,2022-08-31 23:30:00,2022-09-01 06:00:00,2022-12-31 23:30:00,2023-01-01 06:00:00,2023-12-31 23:30:00,4953.62,3043.5,0.0900658,0.318047,0.881312,32.6724,366.722,31559.9,5322.58,6427.01,0.0693194,0.22925,3519.86,1537.59,0.924921,188.263,0.0170783,200,7bace29b6f2d9dc0,d469139,3.13.14,2.13.0+cpu,"Every model at 15 minutes, 1 hour, 6 hours and 24 hours ahead."
C_horizons__smart_persistence__15min,C_horizons,smart_persistence,baseline,rule,15min,1,full,full,42,33,43751,11687,35015,2021-06-02 06:00:00,2022-08-31 23:30:00,2022-09-01 06:00:00,2022-12-31 23:30:00,2023-01-01 06:00:00,2023-12-31 23:30:00,5173.85,2727.64,0.09407,0.332187,0.870524,31.5529,115.676,46440.7,5322.58,6427.01,0.0279425,0.194983,3676.36,1377.98,0.918096,0,0,0,7bace29b6f2d9dc0,d469139,3.13.14,2.13.0+cpu,"Every model at 15 minutes, 1 hour, 6 hours and 24 hours ahead."
C_horizons__smart_persistence__24h,C_horizons,smart_persistence,baseline,rule,24h,96,full,full,42,33,43561,11497,34825,2021-06-03 05:45:00,2022-08-30 23:45:00,2022-09-02 05:45:00,2022-12-30 23:45:00,2023-01-02 05:45:00,2023-12-30 23:45:00,11366.2,7284.31,0.206659,0.72996,0.376496,64.1995,-9.70147,51441.3,11367.8,11489.2,0.000135136,0.0107,8078.7,3680.4,0.605109,0,0,0,7bace29b6f2d9dc0,d469139,3.13.14,2.13.0+cpu,"Every model at 15 minutes, 1 hour, 6 hours and 24 hours ahead."
C_horizons__smart_persistence__6h,C_horizons,smart_persistence,baseline,rule,6h,24,full,full,42,33,43705,11641,34969,2021-06-02 11:45:00,2022-08-31 17:45:00,2022-09-01 11:45:00,2022-12-31 17:45:00,2023-01-01 11:45:00,2023-12-31 17:45:00,18040.9,12388.1,0.328016,1.15818,-0.573218,136.512,-8407.17,55003,22382.6,18087.6,0.193977,0.00258476,12821.1,6259.09,0.00454819,0,0,0,7bace29b6f2d9dc0,d469139,3.13.14,2.13.0+cpu,"Every model at 15 minutes, 1 hour, 6 hours and 24 hours ahead."
C_horizons__transformer__15min,C_horizons,transformer,attention,torch,15min,1,full,full,42,33,43751,11687,35015,2021-06-02 06:00:00,2022-08-31 23:30:00,2022-09-01 06:00:00,2022-12-31 23:30:00,2023-01-01 06:00:00,2023-12-31 23:30:00,5481.99,3544.59,0.0996725,0.351971,0.854643,49.02,458.632,36384.1,5322.58,6427.01,-0.0299503,0.147039,4187.77,2674.07,0.893724,2766.31,0.0718225,69185,7bace29b6f2d9dc0,d469139,3.13.14,2.13.0+cpu,"Every model at 15 minutes, 1 hour, 6 hours and 24 hours ahead."
C_horizons__xgboost__15min,C_horizons,xgboost,classical_ml,sklearn,15min,1,full,full,42,33,43751,11687,35015,2021-06-02 06:00:00,2022-08-31 23:30:00,2022-09-01 06:00:00,2022-12-31 23:30:00,2023-01-01 06:00:00,2023-12-31 23:30:00,5113.67,3131.51,0.0929758,0.328323,0.873519,35.7421,-29.7618,32821.8,5322.58,6427.01,0.0392488,0.204346,3633.81,1593.31,0.919981,36.4617,0.00208195,400,7bace29b6f2d9dc0,d469139,3.13.14,2.13.0+cpu,"Every model at 15 minutes, 1 hour, 6 hours and 24 hours ahead."
E_feature_ablation__xgboost__1h,E_feature_ablation,xgboost,classical_ml,sklearn,1h,4,full,full,42,33,43745,11681,35009,2021-06-02 06:45:00,2022-08-31 22:45:00,2022-09-01 06:45:00,2022-12-31 22:45:00,2023-01-01 06:45:00,2023-12-31 22:45:00,6835.32,4505.29,0.124279,0.438862,0.774016,48.575,570.828,39732.2,9141.7,7952.79,0.252292,0.140514,4859.8,2318.25,0.856893,176.146,0.011361,400,7bace29b6f2d9dc0,d469139,3.13.14,2.13.0+cpu,"One tree model and one recurrent model, with each input group removed in turn."
