feature,baseline_mae_w,mean_mae_increase_w,std_mae_increase_w,relative_increase,n_repeats,method,relative_importance
pv_power_w_lag_1,4886.21,5386.76,79.7005,1.10244,5,grouped permutation over the full lookback window,0.118372
pv_power_w_lag_0,4886.21,4100.86,43.3348,0.839273,5,grouped permutation over the full lookback window,0.0901146
pv_power_w_lag_8,4886.21,3023.04,146.766,0.618688,5,grouped permutation over the full lookback window,0.0664299
solar_elevation,4886.21,2477.7,101.857,0.507081,5,grouped permutation over the full lookback window,0.0544464
pv_rolling_mean_4,4886.21,2327.36,45.4426,0.476312,5,grouped permutation over the full lookback window,0.0511427
pv_rolling_std_24,4886.21,2281.84,78.2641,0.466997,5,grouped permutation over the full lookback window,0.0501425
ghi_rollmean_4,4886.21,2275.25,60.398,0.465647,5,grouped permutation over the full lookback window,0.0499975
ghi,4886.21,2151.31,71.749,0.440282,5,grouped permutation over the full lookback window,0.047274
pv_power_w_lag_96,4886.21,2013.92,75.8687,0.412164,5,grouped permutation over the full lookback window,0.044255
pv_rolling_std_12,4886.21,1998.12,54.8569,0.408931,5,grouped permutation over the full lookback window,0.0439078
pv_power_w_lag_2,4886.21,1920.86,50.559,0.39312,5,grouped permutation over the full lookback window,0.0422101
pv_rolling_mean_24,4886.21,1869.35,54.3818,0.382577,5,grouped permutation over the full lookback window,0.0410781
pv_power_w_lag_12,4886.21,1817.82,71.3581,0.37203,5,grouped permutation over the full lookback window,0.0399457
ghi_delta_4,4886.21,1687.11,113.425,0.34528,5,grouped permutation over the full lookback window,0.0370735
pv_rolling_mean_12,4886.21,1510.93,38.8135,0.309223,5,grouped permutation over the full lookback window,0.033202
ghi_slope_4,4886.21,1340.64,59.6678,0.274373,5,grouped permutation over the full lookback window,0.02946
ghi_delta_1,4886.21,1327.4,70.8934,0.271663,5,grouped permutation over the full lookback window,0.0291691
pv_rolling_std_4,4886.21,1305.89,62.0957,0.26726,5,grouped permutation over the full lookback window,0.0286963
pv_power_w_lag_24,4886.21,1255.25,35.9573,0.256898,5,grouped permutation over the full lookback window,0.0275837
ghi_slope_1,4886.21,1197.55,68.9486,0.245088,5,grouped permutation over the full lookback window,0.0263156
pv_power_w_lag_4,4886.21,924.845,35.5221,0.189277,5,grouped permutation over the full lookback window,0.0203231
pv_power_w_lag_48,4886.21,562.616,51.9424,0.115144,5,grouped permutation over the full lookback window,0.0123632
ghi_rollmean_24,4886.21,493.47,18.1169,0.100993,5,grouped permutation over the full lookback window,0.0108438
relative_humidity,4886.21,221.729,33.7699,0.0453785,5,grouped permutation over the full lookback window,0.00487239
temperature,4886.21,23.2494,4.67475,0.00475817,5,grouped permutation over the full lookback window,0.000510895
doy_cos,4886.21,12.3095,2.10422,0.00251922,5,grouped permutation over the full lookback window,0.000270495
hour_cos,4886.21,-0.218651,2.7886,-4.47486e-05,5,grouped permutation over the full lookback window,0
doy_sin,4886.21,-0.223643,0.696358,-4.57703e-05,5,grouped permutation over the full lookback window,0
hour_sin,4886.21,-3.16443,0.562307,-0.000647626,5,grouped permutation over the full lookback window,0
sin_solar_elevation,4886.21,-8.14966,4.44017,-0.00166789,5,grouped permutation over the full lookback window,0
temperature_rollmean_24,4886.21,-22.4488,5.18707,-0.00459432,5,grouped permutation over the full lookback window,0
wind_speed,4886.21,-32.3754,7.13534,-0.00662587,5,grouped permutation over the full lookback window,0
temperature_rollmean_4,4886.21,-38.0554,6.73646,-0.00778832,5,grouped permutation over the full lookback window,0
