regime,feature,baseline_mae_w,mean_mae_increase_w,std_mae_increase_w,n_windows,n_repeats
Clear,pv_power_w_lag_96,3890.93,5850.57,83.3879,1252,3
Clear,pv_rolling_std_24,3890.93,5720.87,132.932,1252,3
Clear,pv_power_w_lag_8,3890.93,5593.98,83.4507,1252,3
Clear,pv_rolling_mean_24,3890.93,5449.95,112.127,1252,3
Clear,solar_elevation,3890.93,5194.82,119.021,1252,3
Clear,ghi,3890.93,5132.34,113.694,1252,3
Clear,ghi_rollmean_4,3890.93,4929.54,107.651,1252,3
Clear,ghi_delta_4,3890.93,4538.83,75.9027,1252,3
Clear,ghi_slope_4,3890.93,4337.1,130.955,1252,3
Clear,pv_rolling_std_12,3890.93,4336.6,61.8933,1252,3
Clear,ghi_delta_1,3890.93,4103.61,111.924,1252,3
Clear,pv_power_w_lag_2,3890.93,4094.73,138.921,1252,3
Clear,pv_power_w_lag_1,3890.93,3911.41,64.4482,1252,3
Clear,ghi_slope_1,3890.93,3847.2,92.8726,1252,3
Clear,pv_rolling_std_4,3890.93,3796.67,256.824,1252,3
Clear,pv_rolling_mean_4,3890.93,3430.43,53.1464,1252,3
Clear,pv_power_w_lag_12,3890.93,3024.42,147.336,1252,3
Clear,pv_power_w_lag_0,3890.93,3021.73,38.5733,1252,3
Clear,pv_rolling_mean_12,3890.93,2648.68,28.6599,1252,3
Clear,pv_power_w_lag_4,3890.93,2381.02,87.3669,1252,3
Clear,pv_power_w_lag_24,3890.93,2248.49,105.271,1252,3
Clear,ghi_rollmean_24,3890.93,1658.59,91.9682,1252,3
Clear,pv_power_w_lag_48,3890.93,760.182,19.2357,1252,3
Clear,temperature,3890.93,134.009,5.86389,1252,3
Clear,sin_solar_elevation,3890.93,18.354,3.10359,1252,3
Clear,doy_cos,3890.93,13.8315,1.87804,1252,3
Clear,hour_sin,3890.93,10.6447,0.700929,1252,3
Clear,doy_sin,3890.93,8.23807,3.7652,1252,3
Clear,hour_cos,3890.93,-0.0530469,1.70537,1252,3
Clear,temperature_rollmean_24,3890.93,-71.0443,7.13443,1252,3
Clear,relative_humidity,3890.93,-105.111,24.0617,1252,3
Clear,wind_speed,3890.93,-105.945,21.2106,1252,3
Clear,temperature_rollmean_4,3890.93,-157.767,23.2176,1252,3
Cloudy,pv_power_w_lag_1,4906.67,5845.93,142.755,1618,3
Cloudy,pv_power_w_lag_0,4906.67,2837.94,91.8219,1618,3
Cloudy,pv_power_w_lag_12,4906.67,1371.44,39.7687,1618,3
Cloudy,pv_rolling_mean_12,4906.67,1300.74,130.855,1618,3
Cloudy,pv_power_w_lag_8,4906.67,1191.73,54.9831,1618,3
Cloudy,pv_power_w_lag_48,4906.67,862.958,108.24,1618,3
Cloudy,pv_rolling_std_12,4906.67,810.874,89.4132,1618,3
Cloudy,pv_rolling_mean_4,4906.67,782.299,79.8064,1618,3
Cloudy,pv_power_w_lag_4,4906.67,734.861,87.0951,1618,3
Cloudy,solar_elevation,4906.67,667.411,155.56,1618,3
Cloudy,pv_power_w_lag_24,4906.67,469.98,60.1296,1618,3
Cloudy,pv_rolling_std_4,4906.67,420.305,71.7336,1618,3
Cloudy,ghi_rollmean_4,4906.67,360.746,38.7883,1618,3
Cloudy,pv_rolling_std_24,4906.67,304.417,118.072,1618,3
Cloudy,relative_humidity,4906.67,112.163,32.205,1618,3
Cloudy,ghi,4906.67,82.026,53.7611,1618,3
Cloudy,ghi_rollmean_24,4906.67,63.6842,39.5962,1618,3
Cloudy,pv_rolling_mean_24,4906.67,58.9707,100.159,1618,3
Cloudy,wind_speed,4906.67,52.2683,10.0743,1618,3
Cloudy,temperature_rollmean_4,4906.67,30.1727,11.091,1618,3
Cloudy,temperature_rollmean_24,4906.67,12.5222,7.37064,1618,3
Cloudy,doy_cos,4906.67,8.41962,4.1025,1618,3
Cloudy,hour_cos,4906.67,5.90785,2.18387,1618,3
Cloudy,doy_sin,4906.67,-4.96675,1.97693,1618,3
Cloudy,sin_solar_elevation,4906.67,-8.69342,0.248794,1618,3
Cloudy,hour_sin,4906.67,-9.73035,0.607232,1618,3
Cloudy,temperature,4906.67,-41.3434,5.2084,1618,3
Cloudy,ghi_delta_1,4906.67,-89.6332,28.7716,1618,3
Cloudy,ghi_delta_4,4906.67,-93.5794,34.4533,1618,3
Cloudy,ghi_slope_4,4906.67,-143.441,29.0523,1618,3
Cloudy,ghi_slope_1,4906.67,-157.5,120.524,1618,3
Cloudy,pv_power_w_lag_2,4906.67,-205.711,14.7963,1618,3
Cloudy,pv_power_w_lag_96,4906.67,-430.394,61.8651,1618,3
High-variability,ghi,5736.04,3797.91,52.1443,689,3
High-variability,pv_power_w_lag_8,5736.04,3638.37,210.642,689,3
High-variability,solar_elevation,5736.04,3432.9,148.082,689,3
High-variability,pv_power_w_lag_96,5736.04,3262.96,224.803,689,3
High-variability,pv_rolling_std_24,5736.04,3052.78,279.218,689,3
High-variability,ghi_rollmean_4,5736.04,2685.02,264.584,689,3
High-variability,pv_rolling_mean_24,5736.04,2562.18,212.498,689,3
High-variability,pv_rolling_std_12,5736.04,2502.38,137.1,689,3
High-variability,ghi_delta_4,5736.04,2317.54,305.188,689,3
High-variability,pv_power_w_lag_24,5736.04,2201.92,117.429,689,3
High-variability,pv_power_w_lag_1,5736.04,2183.89,177.599,689,3
High-variability,pv_power_w_lag_2,5736.04,1823.97,212.208,689,3
High-variability,ghi_slope_1,5736.04,1714.89,181.42,689,3
High-variability,ghi_delta_1,5736.04,1667.27,55.6599,689,3
High-variability,pv_power_w_lag_12,5736.04,1541.99,82.5684,689,3
High-variability,pv_power_w_lag_0,5736.04,1433.64,75.774,689,3
High-variability,ghi_slope_4,5736.04,1381.51,184.424,689,3
High-variability,pv_rolling_std_4,5736.04,1128.1,182.565,689,3
High-variability,pv_rolling_mean_12,5736.04,997.682,129.684,689,3
High-variability,ghi_rollmean_24,5736.04,614.955,65.9705,689,3
High-variability,pv_rolling_mean_4,5736.04,600.317,130.708,689,3
High-variability,pv_power_w_lag_4,5736.04,458.641,57.7343,689,3
High-variability,pv_power_w_lag_48,5736.04,261.106,77.4427,689,3
High-variability,doy_cos,5736.04,27.95,2.83257,689,3
High-variability,doy_sin,5736.04,13.3657,10.2496,689,3
High-variability,sin_solar_elevation,5736.04,3.24033,10.4381,689,3
High-variability,hour_cos,5736.04,1.32112,3.34975,689,3
High-variability,hour_sin,5736.04,-2.46529,4.9725,689,3
High-variability,relative_humidity,5736.04,-3.97786,99.2831,689,3
High-variability,temperature,5736.04,-25.1583,23.9889,689,3
High-variability,temperature_rollmean_24,5736.04,-37.1384,6.76894,689,3
High-variability,temperature_rollmean_4,5736.04,-61.92,41.7864,689,3
High-variability,wind_speed,5736.04,-101.259,13.9751,689,3
