regime,generation_level,feature,baseline_mae_w,mean_mae_increase_w,std_mae_increase_w,n_windows,n_repeats
Clear,high_generation,pv_power_w_lag_96,4552.2,7187.07,159.046,826,3
Clear,high_generation,ghi_delta_4,4552.2,6801.5,15.7617,826,3
Clear,high_generation,pv_rolling_std_24,4552.2,6792.54,27.3552,826,3
Clear,high_generation,pv_rolling_mean_24,4552.2,6741.31,67.9289,826,3
Clear,high_generation,solar_elevation,4552.2,6573.58,70.0875,826,3
Clear,high_generation,ghi_delta_1,4552.2,6351.1,89.5235,826,3
Clear,high_generation,pv_rolling_std_12,4552.2,6245.04,32.08,826,3
Clear,high_generation,ghi,4552.2,6167.47,241.339,826,3
Clear,high_generation,ghi_slope_4,4552.2,6167.37,316.895,826,3
Clear,high_generation,ghi_slope_1,4552.2,5912.95,203.798,826,3
Clear,high_generation,pv_power_w_lag_8,4552.2,5337.97,151.064,826,3
Clear,high_generation,ghi_rollmean_4,4552.2,5316.91,146.684,826,3
Clear,high_generation,pv_power_w_lag_2,4552.2,4815.76,68.1048,826,3
Clear,high_generation,pv_rolling_std_4,4552.2,4503.61,40.5936,826,3
Clear,high_generation,pv_rolling_mean_12,4552.2,3666.29,151.47,826,3
Clear,high_generation,pv_rolling_mean_4,4552.2,3341.6,58.5654,826,3
Clear,high_generation,pv_power_w_lag_0,4552.2,2878.45,54.3966,826,3
Clear,high_generation,pv_power_w_lag_4,4552.2,2838.71,82.8732,826,3
Clear,high_generation,pv_power_w_lag_1,4552.2,2422.93,66.8629,826,3
Clear,high_generation,pv_power_w_lag_12,4552.2,2248.14,116.317,826,3
Clear,high_generation,ghi_rollmean_24,4552.2,1530.86,161.802,826,3
Clear,high_generation,pv_power_w_lag_48,4552.2,930.78,76.4886,826,3
Clear,high_generation,pv_power_w_lag_24,4552.2,682.113,47.0026,826,3
Clear,high_generation,temperature,4552.2,179.006,36.683,826,3
Clear,high_generation,doy_cos,4552.2,21.989,2.57246,826,3
Clear,high_generation,sin_solar_elevation,4552.2,17.5431,1.97117,826,3
Clear,high_generation,hour_sin,4552.2,5.98057,0.108669,826,3
Clear,high_generation,doy_sin,4552.2,5.44866,1.83718,826,3
Clear,high_generation,hour_cos,4552.2,-0.222286,3.27008,826,3
Clear,high_generation,temperature_rollmean_24,4552.2,-78.5908,4.34935,826,3
Clear,high_generation,relative_humidity,4552.2,-107.717,75.5105,826,3
Clear,high_generation,wind_speed,4552.2,-140.927,18.5496,826,3
Clear,high_generation,temperature_rollmean_4,4552.2,-198.605,7.74958,826,3
Clear,low_generation,pv_power_w_lag_1,2608.75,3191.07,198.801,426,3
Clear,low_generation,pv_power_w_lag_8,2608.75,2997.58,298.013,426,3
Clear,low_generation,pv_rolling_std_24,2608.75,2376.31,51.7786,426,3
Clear,low_generation,pv_power_w_lag_24,2608.75,2372.08,60.4117,426,3
Clear,low_generation,ghi_rollmean_4,2608.75,1684.4,96.974,426,3
Clear,low_generation,pv_power_w_lag_2,2608.75,1670.48,139.169,426,3
Clear,low_generation,ghi,2608.75,1644.46,24.1271,426,3
Clear,low_generation,pv_power_w_lag_4,2608.75,1576.87,150.354,426,3
Clear,low_generation,pv_rolling_mean_24,2608.75,1576.55,192.165,426,3
Clear,low_generation,pv_rolling_mean_4,2608.75,1465.77,76.3497,426,3
Clear,low_generation,pv_power_w_lag_0,2608.75,1456.9,75.1573,426,3
Clear,low_generation,pv_power_w_lag_12,2608.75,1337.37,128.595,426,3
Clear,low_generation,pv_power_w_lag_96,2608.75,1242.13,91.2675,426,3
Clear,low_generation,solar_elevation,2608.75,1013.18,78.0838,426,3
Clear,low_generation,pv_rolling_std_4,2608.75,1012.31,10.4513,426,3
Clear,low_generation,ghi_rollmean_24,2608.75,484.584,11.8267,426,3
Clear,low_generation,pv_rolling_std_12,2608.75,423.274,119.524,426,3
Clear,low_generation,ghi_delta_4,2608.75,335.474,55.3418,426,3
Clear,low_generation,ghi_delta_1,2608.75,153.376,54.4502,426,3
Clear,low_generation,ghi_slope_4,2608.75,111.399,36.7391,426,3
Clear,low_generation,ghi_slope_1,2608.75,93.0056,85.8068,426,3
Clear,low_generation,pv_power_w_lag_48,2608.75,50.4969,23.3701,426,3
Clear,low_generation,pv_rolling_mean_12,2608.75,22.2274,40.2386,426,3
Clear,low_generation,temperature,2608.75,21.6964,14.2807,426,3
Clear,low_generation,hour_sin,2608.75,6.42678,0.783905,426,3
Clear,low_generation,sin_solar_elevation,2608.75,4.54796,3.81042,426,3
Clear,low_generation,doy_cos,2608.75,3.54917,1.48363,426,3
Clear,low_generation,doy_sin,2608.75,1.29742,1.31987,426,3
Clear,low_generation,hour_cos,2608.75,-1.03301,0.964718,426,3
Clear,low_generation,relative_humidity,2608.75,-4.20316,14.0307,426,3
Clear,low_generation,wind_speed,2608.75,-16.9839,4.5995,426,3
Clear,low_generation,temperature_rollmean_24,2608.75,-41.8153,12.2131,426,3
Clear,low_generation,temperature_rollmean_4,2608.75,-47.6048,16.8665,426,3
Cloudy,low_generation,pv_power_w_lag_1,4813.94,5727.39,47.1089,1548,3
Cloudy,low_generation,pv_power_w_lag_0,4813.94,2632.58,130.16,1548,3
Cloudy,low_generation,pv_power_w_lag_12,4813.94,1416.67,80.0163,1548,3
Cloudy,low_generation,pv_rolling_mean_12,4813.94,1322.84,48.2387,1548,3
Cloudy,low_generation,pv_power_w_lag_8,4813.94,1297.9,71.6545,1548,3
Cloudy,low_generation,pv_rolling_std_12,4813.94,904.828,52.4852,1548,3
Cloudy,low_generation,pv_power_w_lag_48,4813.94,896.272,93.5618,1548,3
Cloudy,low_generation,pv_power_w_lag_4,4813.94,837.145,30.5457,1548,3
Cloudy,low_generation,pv_rolling_mean_4,4813.94,664.994,26.6793,1548,3
Cloudy,low_generation,solar_elevation,4813.94,532.534,81.9037,1548,3
Cloudy,low_generation,pv_power_w_lag_24,4813.94,479.131,7.65762,1548,3
Cloudy,low_generation,pv_rolling_std_4,4813.94,361.894,88.0746,1548,3
Cloudy,low_generation,ghi_rollmean_4,4813.94,329.937,60.7575,1548,3
Cloudy,low_generation,relative_humidity,4813.94,108.079,13.1723,1548,3
Cloudy,low_generation,pv_rolling_std_24,4813.94,58.0682,94.4621,1548,3
Cloudy,low_generation,ghi_rollmean_24,4813.94,55.6725,24.6178,1548,3
Cloudy,low_generation,wind_speed,4813.94,38.8456,2.64412,1548,3
Cloudy,low_generation,temperature_rollmean_4,4813.94,17.4647,9.9923,1548,3
Cloudy,low_generation,temperature_rollmean_24,4813.94,11.9428,6.32325,1548,3
Cloudy,low_generation,doy_cos,4813.94,10.6884,1.93393,1548,3
Cloudy,low_generation,hour_cos,4813.94,3.06342,4.67677,1548,3
Cloudy,low_generation,doy_sin,4813.94,-2.41562,0.70371,1548,3
Cloudy,low_generation,hour_sin,4813.94,-9.33456,0.93319,1548,3
Cloudy,low_generation,sin_solar_elevation,4813.94,-11.383,4.25989,1548,3
Cloudy,low_generation,ghi,4813.94,-29.847,68.2524,1548,3
Cloudy,low_generation,temperature,4813.94,-38.3048,9.46119,1548,3
Cloudy,low_generation,pv_rolling_mean_24,4813.94,-45.4227,67.6745,1548,3
Cloudy,low_generation,ghi_delta_1,4813.94,-174.853,37.8317,1548,3
Cloudy,low_generation,ghi_delta_4,4813.94,-177.955,64.6393,1548,3
Cloudy,low_generation,ghi_slope_1,4813.94,-219.246,26.7645,1548,3
Cloudy,low_generation,pv_power_w_lag_2,4813.94,-241.93,38.4208,1548,3
Cloudy,low_generation,ghi_slope_4,4813.94,-270.966,24.0676,1548,3
Cloudy,low_generation,pv_power_w_lag_96,4813.94,-506.865,60.3851,1548,3
