feature,mean_integrated_gradient,mean_absolute,relative
ghi,-6.42963,6.42963,6.24297e-05
temperature,5.09729,5.09729,4.94931e-05
relative_humidity,-31.5761,31.5761,0.000306594
wind_speed,0.239363,0.239363,2.32415e-06
solar_elevation,69.2166,69.2166,0.000672073
sin_solar_elevation,1.09835,1.09835,1.06646e-05
hour_sin,0.19971,0.19971,1.93912e-06
hour_cos,0.730934,0.730934,7.09714e-06
doy_sin,0.117753,0.117753,1.14334e-06
doy_cos,-0.0024297,0.0024297,2.35917e-08
pv_power_w_lag_0,-7579.52,7579.52,0.0735949
pv_power_w_lag_1,-11627.9,11627.9,0.112903
pv_power_w_lag_2,-8013.39,8013.39,0.0778076
pv_power_w_lag_4,8144.29,8144.29,0.0790785
pv_power_w_lag_8,15681.8,15681.8,0.152265
pv_power_w_lag_12,-201.911,201.911,0.0019605
pv_power_w_lag_24,7649.59,7649.59,0.0742752
pv_power_w_lag_48,2502.01,2502.01,0.0242938
pv_power_w_lag_96,-12955,12955,0.125789
pv_rolling_mean_4,-12712.1,12712.1,0.12343
pv_rolling_std_4,312.06,312.06,0.00303
pv_rolling_mean_12,2327.72,2327.72,0.0226015
pv_rolling_std_12,2211.17,2211.17,0.0214697
pv_rolling_mean_24,6581.85,6581.85,0.0639078
pv_rolling_std_24,3985.41,3985.41,0.0386971
ghi_rollmean_4,-106.023,106.023,0.00102945
ghi_rollmean_24,170.558,170.558,0.00165607
temperature_rollmean_4,6.04511,6.04511,5.86962e-05
temperature_rollmean_24,2.69424,2.69424,2.61602e-05
ghi_delta_1,30.9993,30.9993,0.000300994
ghi_slope_1,21.3137,21.3137,0.00020695
ghi_delta_4,39.5119,39.5119,0.000383649
ghi_slope_4,12.3654,12.3654,0.000120064
