sample,attribution_sum,prediction_change_w,residual_w,relative_error
0,-18145.3,-18106.7,-38.6081,-0.00213226
1,-8893.16,-8713.5,-179.652,-0.0206177
2,13311.6,13311.4,0.222975,1.67507e-05
3,-3993.23,-3989.74,-3.49662,-0.000876402
4,845.535,845.246,0.289143,0.000342081
5,20955.8,16990.5,3965.34,0.233385
6,-19355,-19160.5,-194.487,-0.0101504
7,1470.58,1470.58,-0.00445076,-3.02653e-06
8,-9569.54,-11828,2258.51,0.190945
9,-11396.3,-11060,-336.391,-0.0304152
10,94.1205,94.1367,-0.0162361,-0.000172473
11,-4730.14,-6686.76,1956.61,0.29261
12,-20655.7,-20126.1,-529.632,-0.0263157
13,23468.8,16094.2,7374.69,0.458222
14,-13687.9,-13094.5,-593.411,-0.0453177
15,10751.9,10752.6,-0.681583,-6.33877e-05
16,-20944.6,-20617.5,-327.09,-0.0158647
17,17066.3,14315.2,2751.11,0.19218
18,23247.8,22983.4,264.464,0.0115068
19,10992.3,12077.7,-1085.36,-0.0898654
20,-18061.3,-18403,341.689,0.018567
21,-7079.86,-391.273,-6688.58,-17.0944
22,-16114,-14999.1,-1114.84,-0.0743268
23,-15664.1,-15629.3,-34.8122,-0.00222736
24,-17523.4,-17290,-233.38,-0.013498
25,-12497.3,-10845.7,-1651.65,-0.152286
26,-19919.6,-19949,29.4391,0.00147572
27,9620.5,9620.45,0.0527555,5.48368e-06
28,11862.9,11862.9,-0.0174036,-1.46706e-06
29,-12278.2,-12278,-0.231008,-1.88148e-05
30,-14513.5,-14524.1,10.5718,0.00072788
31,10046,10294.1,-248.15,-0.0241059
